-- phpMyAdmin SQL Dump
-- version 5.2.0
-- https://www.phpmyadmin.net/
--
-- Host: 127.0.0.1
-- Generation Time: Dec 10, 2023 at 06:03 AM
-- Server version: 10.4.27-MariaDB
-- PHP Version: 8.0.25

SET SQL_MODE = "NO_AUTO_VALUE_ON_ZERO";
START TRANSACTION;
SET time_zone = "+00:00";


/*!40101 SET @OLD_CHARACTER_SET_CLIENT=@@CHARACTER_SET_CLIENT */;
/*!40101 SET @OLD_CHARACTER_SET_RESULTS=@@CHARACTER_SET_RESULTS */;
/*!40101 SET @OLD_COLLATION_CONNECTION=@@COLLATION_CONNECTION */;
/*!40101 SET NAMES utf8mb4 */;

--
-- Database: `phongvanshop`
--

-- --------------------------------------------------------

--
-- Table structure for table `accessories`
--

CREATE TABLE `accessories` (
  `id` bigint(20) UNSIGNED NOT NULL,
  `type` varchar(50) NOT NULL,
  `created_at` timestamp NULL DEFAULT NULL,
  `updated_at` timestamp NULL DEFAULT NULL
) ENGINE=InnoDB DEFAULT CHARSET=utf8mb4 COLLATE=utf8mb4_general_ci;

--
-- Dumping data for table `accessories`
--

INSERT INTO `accessories` (`id`, `type`, `created_at`, `updated_at`) VALUES
(1, 'Pin dự phòng', '2023-07-07 10:28:33', '2023-07-07 10:28:33'),
(2, 'sạc', '2023-07-07 10:37:13', '2023-07-07 10:37:13'),
(3, 'sạc', '2023-07-15 04:19:37', '2023-07-15 04:19:37'),
(4, 'sạc', '2023-07-15 04:20:55', '2023-07-15 04:20:55'),
(5, 'Pin dự phòng', '2023-07-15 04:27:28', '2023-07-15 04:27:28');

-- --------------------------------------------------------

--
-- Table structure for table `categories`
--

CREATE TABLE `categories` (
  `id` bigint(20) UNSIGNED NOT NULL,
  `name` varchar(255) NOT NULL,
  `parent_id` bigint(20) DEFAULT NULL,
  `slug` varchar(255) NOT NULL,
  `created_at` timestamp NULL DEFAULT NULL,
  `updated_at` timestamp NULL DEFAULT NULL
) ENGINE=InnoDB DEFAULT CHARSET=utf8mb4 COLLATE=utf8mb4_unicode_ci;

--
-- Dumping data for table `categories`
--

INSERT INTO `categories` (`id`, `name`, `parent_id`, `slug`, `created_at`, `updated_at`) VALUES
(1, 'Cate 1', NULL, 'cate-1', '2023-05-13 22:33:36', '2023-05-27 20:30:49'),
(2, 'Cate 2', NULL, 'cate-2', '2023-05-13 22:33:36', '2023-05-13 22:33:36'),
(3, 'Cate 3', NULL, 'cate-3', '2023-05-13 22:33:36', '2023-05-13 22:33:36'),
(4, 'Cate 4', NULL, 'cate-4', '2023-05-13 22:33:36', '2023-05-13 22:33:36'),
(5, 'Cate 5', NULL, 'cate-5', '2023-05-13 22:33:36', '2023-05-13 22:33:36'),
(6, 'Cate 6', NULL, 'cate-6', '2023-05-13 22:33:36', '2023-05-13 22:33:36'),
(7, 'Cate 7', NULL, 'cate-7', '2023-05-13 22:33:36', '2023-05-13 22:33:36'),
(8, 'Cate 8', NULL, 'cate-8', '2023-05-13 22:33:36', '2023-05-13 22:33:36'),
(9, 'Cate 9', NULL, 'cate-9', '2023-05-13 22:33:36', '2023-05-13 22:33:36'),
(10, 'Cate 10', NULL, 'cate-10', '2023-05-13 22:33:36', '2023-05-13 22:33:36'),
(11, 'Cate 11', NULL, 'cate-11', '2023-05-13 22:33:36', '2023-05-13 22:33:36'),
(12, 'Cate 12', NULL, 'cate-12', '2023-05-13 22:33:36', '2023-05-13 22:33:36'),
(13, 'Cate 1.1', 1, 'cate-1-1', '2023-05-13 22:34:02', '2023-05-13 22:34:02'),
(14, 'Cate 1.2', 2, 'cate-1-2', '2023-05-13 22:34:02', '2023-05-13 22:34:02'),
(15, 'Cate 1.3', 1, 'cate-1-3', '2023-05-13 22:34:02', '2023-05-13 22:34:02'),
(16, 'Cate 1.4', 1, 'cate-1-4', '2023-05-13 22:34:02', '2023-05-13 22:34:02'),
(17, 'Cate 1.1.1', 13, 'cate-1-5', '2023-05-13 22:34:02', '2023-05-13 22:34:02'),
(18, 'Cate 1.1.2', 13, 'cate-1-6', '2023-05-13 22:34:02', '2023-05-13 22:34:02'),
(19, 'Cate 1.2.1', 14, 'cate-1-1-1', '2023-05-13 22:34:02', '2023-05-13 22:34:02'),
(20, 'Cate 1.2.2', 14, 'cate-1-1-2', '2023-05-13 22:34:02', '2023-05-13 22:34:02'),
(21, 'Cate 1.3.1', 15, 'cate-1-1-3', '2023-05-13 22:34:02', '2023-05-13 22:34:02'),
(22, 'Cate 1.3.2', 15, 'cate-1-1-4', '2023-05-13 22:34:02', '2023-05-13 22:34:02'),
(23, 'Cate 1.4.1', 16, 'cate-1-1-5', '2023-05-13 22:34:02', '2023-05-13 22:34:02'),
(24, 'Cate 1.4.2', 16, 'cate-1-1-6', '2023-05-13 22:34:02', '2023-05-13 22:34:02');

-- --------------------------------------------------------

--
-- Table structure for table `category_posts`
--

CREATE TABLE `category_posts` (
  `id` bigint(20) UNSIGNED NOT NULL,
  `name` varchar(255) NOT NULL,
  `status` int(11) NOT NULL DEFAULT 0,
  `created_at` timestamp NULL DEFAULT NULL,
  `updated_at` timestamp NULL DEFAULT NULL
) ENGINE=InnoDB DEFAULT CHARSET=utf8mb4 COLLATE=utf8mb4_general_ci;

--
-- Dumping data for table `category_posts`
--

INSERT INTO `category_posts` (`id`, `name`, `status`, `created_at`, `updated_at`) VALUES
(1, 'Du Lịch', 0, '2023-11-16 04:39:26', '2023-11-16 09:12:39'),
(2, 'Công Nghệ', 0, '2023-11-16 09:10:25', '2023-11-16 09:41:54');

-- --------------------------------------------------------

--
-- Table structure for table `discounts`
--

CREATE TABLE `discounts` (
  `id` bigint(20) UNSIGNED NOT NULL,
  `code` varchar(255) NOT NULL,
  `price` double NOT NULL,
  `used` varchar(255) DEFAULT NULL,
  `start` date NOT NULL,
  `end` date NOT NULL,
  `status` int(11) NOT NULL DEFAULT 0,
  `created_at` timestamp NULL DEFAULT NULL,
  `updated_at` timestamp NULL DEFAULT NULL
) ENGINE=InnoDB DEFAULT CHARSET=utf8mb4 COLLATE=utf8mb4_unicode_ci;

--
-- Dumping data for table `discounts`
--

INSERT INTO `discounts` (`id`, `code`, `price`, `used`, `start`, `end`, `status`, `created_at`, `updated_at`) VALUES
(1, 'giam20k', 20000, ',1', '2023-11-15', '2023-11-26', 0, '2023-03-27 09:21:50', '2023-11-26 03:44:09'),
(2, 'giam10k', 10000, '', '2023-11-09', '2023-12-02', 1, '2023-03-27 03:34:10', '2023-11-26 03:20:16'),
(3, 'giam30k', 30000, ',5', '2023-10-30', '2023-11-30', 0, '2023-03-30 01:13:19', '2023-11-26 03:12:14');

-- --------------------------------------------------------

--
-- Table structure for table `galleries`
--

CREATE TABLE `galleries` (
  `id` bigint(20) UNSIGNED NOT NULL,
  `imageDefault` varchar(255) NOT NULL,
  `image` varchar(255) DEFAULT NULL,
  `created_at` timestamp NULL DEFAULT NULL,
  `updated_at` timestamp NULL DEFAULT NULL
) ENGINE=InnoDB DEFAULT CHARSET=utf8mb4 COLLATE=utf8mb4_unicode_ci;

--
-- Dumping data for table `galleries`
--

INSERT INTO `galleries` (`id`, `imageDefault`, `image`, `created_at`, `updated_at`) VALUES
(1, '64a7dfc2badce_1688723394.jpg', '64b23f7d5b20c_1689403261.jpg|64b23f7d9b55c_1689403261.jpg|64b23f7dcc2bc_1689403261.jpg', '2023-07-07 09:49:57', '2023-07-15 06:41:02'),
(2, '64a7e0b61c8b9_1688723638.jpg', '64b23f9988532_1689403289.jpg|64b23f99c8e8f_1689403289.jpg|64b23f9a007f3_1689403290.jpg', '2023-07-07 09:53:58', '2023-07-15 06:41:30'),
(3, '64a7e8d026d33_1688725712.jpeg', '64b23fc23a542_1689403330.jpeg|64b23fc26ed24_1689403330.jpeg|64b23fc29d368_1689403330.jpeg', '2023-07-07 10:28:33', '2023-07-15 06:42:10'),
(4, '64a7ead84a883_1688726232.jpg', '64b23fd78dd00_1689403351.jpg|64b23fd7c79ab_1689403351.jpg|64b23fd808745_1689403352.jpg', '2023-07-07 10:37:13', '2023-07-15 06:42:32'),
(5, '64b21cc409b93_1689394372.jpg', NULL, '2023-07-15 04:12:53', '2023-07-15 04:12:53'),
(6, '64b21d33f28dc_1689394483.jpg', NULL, '2023-07-15 04:14:44', '2023-07-15 04:14:44'),
(7, '64b21e5853780_1689394776.jpg', '64b23ff1c7e8a_1689403377.jpg|64b23ff20db8b_1689403378.jpg', '2023-07-15 04:19:37', '2023-07-15 06:42:58'),
(8, '64b21ea67c7d7_1689394854.jpg', '64b23ffe28223_1689403390.jpg|64b23ffe5bb57_1689403390.jpg', '2023-07-15 04:20:55', '2023-07-15 06:43:10'),
(9, '64b220300dc51_1689395248.jpeg', '64b2400f472fc_1689403407.jpg|64b2400f7830b_1689403407.jpg', '2023-07-15 04:27:28', '2023-07-15 06:43:27'),
(10, '64b220e3b8d49_1689395427.jpg', '64b24041b96aa_1689403457.jpg|64b24041ec3ff_1689403457.jpg', '2023-07-15 04:30:28', '2023-07-15 06:44:18'),
(11, '64b222baaab98_1689395898.jpg', '64b2403288b76_1689403442.jpg|64b24032c7194_1689403442.jpg|64b2403305231_1689403443.jpg', '2023-07-15 04:38:19', '2023-07-15 06:44:03'),
(12, '64b22348da37e_1689396040.jpg', '64b2404de5c24_1689403469.jpg|64b2404e31752_1689403470.jpg|64b2404e5a142_1689403470.jpg', '2023-07-15 04:40:41', '2023-07-15 06:44:30'),
(13, 'mbp16-spacegray-select-2023012.jpg',NULL, '2023-07-15 04:40:41', '2023-07-15 06:44:30'),
(14, 'may-choi-game-Sony-Playstation-PS4-Pro-1TB-CUH-7106B-B01-hinh-1.jpg', NULL, '2023-07-15 04:40:41', '2023-07-15 06:44:30'),
(15, 'Dell_UltraSharp_40_Curved_Monitor_with_speakers-800x633-1.jpg', NULL, '2023-07-15 04:40:41', '2023-07-15 06:44:30'),
(16, 'gopro-hero-12-black-17-510x368.jpg', NULL, '2023-07-15 04:40:41', '2023-07-15 06:44:30'),
(17, 's-l1200.jpg', NULL, '2023-07-15 04:40:41', '2023-07-15 06:44:30'),
(18, '6209-2570.jpg', NULL, '2023-07-15 04:40:41', '2023-07-15 06:44:30'),
(19, '633ae05bcbb7c316023b17d6-samsung-49-inch-odyssey-g9-gaming.jpg', NULL, '2023-07-15 04:40:41', '2023-07-15 06:44:30'),
(20, 'may-anh-canon-eos-r5-body-only-02-500x500.jpg', NULL, '2023-07-15 04:40:41', '2023-07-15 06:44:30'),
(21, '76326_chuot_gaming_khong_day_logitech_pro_x_superlight_2_lightspeed_white_7.jpg', NULL, '2023-07-15 04:40:41', '2023-07-15 06:44:30'),
(22, '22.jpg', NULL, '2023-07-15 04:40:41', '2023-07-15 06:44:30'),
(23, '23.jpg', NULL, '2023-07-15 04:40:41', '2023-07-15 06:44:30'),
(24, '24.jpg', NULL, '2023-07-15 04:40:41', '2023-07-15 06:44:30'),
(25, '25.jpg', NULL, '2023-07-15 04:40:41', '2023-07-15 06:44:30'),
(26, '26.jpg', NULL, '2023-07-15 04:40:41', '2023-07-15 06:44:30'),
(27, '27.jpg', NULL, '2023-07-15 04:40:41', '2023-07-15 06:44:30'),
(28, '28.jpg', NULL, '2023-07-15 04:40:41', '2023-07-15 06:44:30'),
(29, '29.jpg', NULL, '2023-07-15 04:40:41', '2023-07-15 06:44:30'),
(30, '30.jpg', NULL, '2023-07-15 04:40:41', '2023-07-15 06:44:30'),
(31, '31.jpg', NULL, '2023-07-15 04:40:41', '2023-07-15 06:44:30'),
(32, '32.jpg', NULL, '2023-07-15 04:40:41', '2023-07-15 06:44:30'),
(33, '33.jpg', NULL, '2023-07-15 04:40:41', '2023-07-15 06:44:30'),
(34, '34.jpg', NULL, '2023-07-15 04:40:41', '2023-07-15 06:44:30'),
(35, '35.jpg', NULL, '2023-07-15 04:40:41', '2023-07-15 06:44:30'),
(36, '36.jpg', NULL, '2023-07-15 04:40:41', '2023-07-15 06:44:30'),
(37, '37.jpg', NULL, '2023-07-15 04:40:41', '2023-07-15 06:44:30'),
(38, '38.jpg', NULL, '2023-07-15 04:40:41', '2023-07-15 06:44:30'),
(39, '39.jpg', NULL, '2023-07-15 04:40:41', '2023-07-15 06:44:30'),
(40, '40.jpg', NULL, '2023-07-15 04:40:41', '2023-07-15 06:44:30'),
(41, '41.jpg', NULL, '2023-07-15 04:40:41', '2023-07-15 06:44:30'),
(42, '42.jpg', NULL, '2023-07-15 04:40:41', '2023-07-15 06:44:30'),
(43, '43.jpg', NULL, '2023-07-15 04:40:41', '2023-07-15 06:44:30'),
(44, '44.jpg', NULL, '2023-07-15 04:40:41', '2023-07-15 06:44:30'),
(45, '45.jpg', NULL, '2023-07-15 04:40:41', '2023-07-15 06:44:30'),
(46, '46.jpg', NULL, '2023-07-15 04:40:41', '2023-07-15 06:44:30'),
(47, '47.jpg', NULL, '2023-07-15 04:40:41', '2023-07-15 06:44:30'),
(48, '48.jpg', NULL, '2023-07-15 04:40:41', '2023-07-15 06:44:30'),
(49, '49.jpg', NULL, '2023-07-15 04:40:41', '2023-07-15 06:44:30'),
(50, '50.jpg', NULL, '2023-07-15 04:40:41', '2023-07-15 06:44:30'),
(51, '51.jpg', NULL, '2023-07-15 04:40:41', '2023-07-15 06:44:30'),
(52, '52.jpg', NULL, '2023-07-15 04:40:41', '2023-07-15 06:44:30'),
(53, '53.jpg', NULL, '2023-07-15 04:40:41', '2023-07-15 06:44:30'),
(54, '54.jpg', NULL, '2023-07-15 04:40:41', '2023-07-15 06:44:30'),
(55, '55.jpg', NULL, '2023-07-15 04:40:41', '2023-07-15 06:44:30'),
(56, '56.jpg', NULL, '2023-07-15 04:40:41', '2023-07-15 06:44:30'),
(57, '57.jpg', NULL, '2023-07-15 04:40:41', '2023-07-15 06:44:30'),
(58, '58.jpg', NULL, '2023-07-15 04:40:41', '2023-07-15 06:44:30'),
(59, '59.jpg', NULL, '2023-07-15 04:40:41', '2023-07-15 06:44:30'),
(60, '60.jpg', NULL, '2023-07-15 04:40:41', '2023-07-15 06:44:30'),
(61, '61.jpg', NULL, '2023-07-15 09:00:00', '2023-11-15 09:00:00'),
(62, '62.jpg', NULL, '2023-07-15 09:05:00', '2023-11-15 09:05:00'),
(63, '63.jpg', NULL, '2023-07-15 09:10:00', '2023-11-15 09:10:00'),
(64, '64.jpg', NULL, '2023-07-15 09:15:00', '2023-11-15 09:15:00'),
(65, '65.jpg', NULL, '2023-07-15 09:20:00', '2023-11-15 09:20:00'),
(66, '66.jpg', NULL, '2023-07-15 09:25:00', '2023-11-15 09:25:00'),
(67, '67.jpg', NULL, '2023-07-15 09:30:00', '2023-11-15 09:30:00'),
(68, '68.jpg', NULL, '2023-07-15 09:35:00', '2023-11-15 09:35:00'),
(69, '69.jpg', NULL, '2023-07-15 09:40:00', '2023-11-15 09:40:00'),
(70, '70.jpg', NULL, '2023-07-15 09:45:00', '2023-11-15 09:45:00'),
(71, '71.jpg', NULL, '2023-07-15 09:50:00', '2023-11-15 09:50:00'),
(72, '72.jpg', NULL, '2023-07-15 09:55:00', '2023-11-15 09:55:00'),
(73, '73.jpg', NULL, '2023-07-15 10:00:00', '2023-11-15 10:00:00'),
(74, '74.jpg', NULL, '2023-07-15 10:05:00', '2023-11-15 10:05:00'),
(75, '75.jpg', NULL, '2023-07-15 10:10:00', '2023-11-15 10:10:00'),
(76, '76.jpg', NULL, '2023-07-15 10:15:00', '2023-11-15 10:15:00'),
(77, '77.jpg', NULL, '2023-07-15 10:20:00', '2023-11-15 10:20:00'),
(78, '78.jpg', NULL, '2023-07-15 10:25:00', '2023-11-15 10:25:00'),
(79, '79.jpg', NULL, '2023-07-15 10:30:00', '2023-11-15 10:30:00'),
(80, '80.jpg', NULL, '2023-07-15 10:35:00', '2023-11-15 10:35:00'),
(81, '81.jpg', NULL, '2023-07-15 10:40:00', '2023-11-15 10:40:00'),
(82, '82.jpg', NULL, '2023-07-15 10:45:00', '2023-11-15 10:45:00'),
(83, '83.jpg', NULL, '2023-07-15 10:50:00', '2023-11-15 10:50:00'),
(84, '84.jpg', NULL, '2023-07-15 10:55:00', '2023-11-15 10:55:00'),
(85, '85.jpg', NULL, '2023-07-15 11:00:00', '2023-11-15 11:00:00'),
(86, '86.jpg', NULL, '2023-07-15 11:05:00', '2023-11-15 11:05:00'),
(87, '87.jpg', NULL, '2023-07-15 11:10:00', '2023-11-15 11:10:00'),
(88, '88.jpg', NULL, '2023-07-15 11:15:00', '2023-11-15 11:15:00'),
(89, '89.jpg', NULL, '2023-07-15 11:20:00', '2023-11-15 11:20:00'),
(90, '90.jpg', NULL, '2023-07-15 11:25:00', '2023-11-15 11:25:00'),
(91, '91.jpg', NULL, '2023-07-15 11:30:00', '2023-11-15 11:30:00'),
(92, '92.jpg', NULL, '2023-07-15 11:35:00', '2023-11-15 11:35:00'),
(93, '93.jpg', NULL, '2023-07-15 11:40:00', '2023-11-15 11:40:00'),
(94, '94.jpg', NULL, '2023-07-15 11:45:00', '2023-11-15 11:45:00'),
(95, '95.jpg', NULL, '2023-07-15 11:50:00', '2023-11-15 11:50:00'),
(96, '96.jpg', NULL, '2023-07-15 11:55:00', '2023-11-15 11:55:00'),
(97, '97.jpg', NULL, '2023-07-15 12:00:00', '2023-11-15 12:00:00'),
(98, '98.jpg', NULL, '2023-07-15 12:05:00', '2023-11-15 12:05:00'),
(99, '99.jpg', NULL, '2023-07-15 12:10:00', '2023-11-15 12:10:00'),
(100, '100.jpg', NULL, '2023-07-15 12:15:00', '2023-11-15 12:15:00'),
(101, '101.jpg', NULL, '2023-07-15 04:40:41', '2023-07-15 06:44:30'),
(102, '102.jpg', NULL, '2023-07-15 04:40:41', '2023-07-15 06:44:30'),
(103, '103.jpg', NULL, '2023-07-15 04:40:41', '2023-07-15 06:44:30'),
(104, '104.jpg', NULL, '2023-07-15 04:40:41', '2023-07-15 06:44:30'),
(105, '105.jpg', NULL, '2023-07-15 04:40:41', '2023-07-15 06:44:30'),
(106, '106.jpg', NULL, '2023-07-15 04:40:41', '2023-07-15 06:44:30'),
(107, '107.jpg', NULL, '2023-07-15 04:40:41', '2023-07-15 06:44:30'),
(108, '108.jpg', NULL, '2023-07-15 04:40:41', '2023-07-15 06:44:30'),
(109, '109.jpg', NULL, '2023-07-15 04:40:41', '2023-07-15 06:44:30'),
(110, '110.jpg', NULL, '2023-07-15 04:40:41', '2023-07-15 06:44:30'),
(111, '111.jpg', NULL, '2023-07-15 04:40:41', '2023-07-15 06:44:30'),
(112, '112.jpg', NULL, '2023-07-15 04:40:41', '2023-07-15 06:44:30'),
(113, '113.jpg', NULL, '2023-07-15 04:40:41', '2023-07-15 06:44:30'),
(114, '114.jpg', NULL, '2023-07-15 04:40:41', '2023-07-15 06:44:30'),
(115, '115.jpg', NULL, '2023-07-15 04:40:41', '2023-07-15 06:44:30'),
(116, '116.jpg', NULL, '2023-07-15 04:40:41', '2023-07-15 06:44:30'),
(117, '117.jpg', NULL, '2023-07-15 04:40:41', '2023-07-15 06:44:30'),
(118, '118.jpg', NULL, '2023-07-15 04:40:41', '2023-07-15 06:44:30'),
(119, '119.jpg', NULL, '2023-07-15 04:40:41', '2023-07-15 06:44:30'),
(120, '120.jpg', NULL, '2023-07-15 04:40:41', '2023-07-15 06:44:30'),
(121, '121.jpg', NULL, '2023-07-15 04:40:41', '2023-07-15 06:44:30'),
(122, '122.jpg', NULL, '2023-07-15 04:40:41', '2023-07-15 06:44:30'),
(123, '123.jpg', NULL, '2023-07-15 04:40:41', '2023-07-15 06:44:30'),
(124, '124.jpg', NULL, '2023-07-15 04:40:41', '2023-07-15 06:44:30'),
(125, '125.jpg', NULL, '2023-07-15 04:40:41', '2023-07-15 06:44:30'),
(126, '126.jpg', NULL, '2023-07-15 04:40:41', '2023-07-15 06:44:30'),
(127, '127.jpg', NULL, '2023-07-15 04:40:41', '2023-07-15 06:44:30'),
(128, '128.jpg', NULL, '2023-07-15 04:40:41', '2023-07-15 06:44:30'),
(129, '129.jpg', NULL, '2023-07-15 04:40:41', '2023-07-15 06:44:30'),
(130, '130.jpg', NULL, '2023-07-15 04:40:41', '2023-07-15 06:44:30'),
(131, '131.jpg', NULL, '2023-07-15 04:40:41', '2023-07-15 06:44:30'),
(132, '132.jpg', NULL, '2023-07-15 04:40:41', '2023-07-15 06:44:30'),
(133, '133.jpg', NULL, '2023-07-15 04:40:41', '2023-07-15 06:44:30'),
(134, '134.jpg', NULL, '2023-07-15 04:40:41', '2023-07-15 06:44:30'),
(135, '135.jpg', NULL, '2023-07-15 04:40:41', '2023-07-15 06:44:30'),
(136, '136.jpg', NULL, '2023-07-15 04:40:41', '2023-07-15 06:44:30'),
(137, '137.jpg', NULL, '2023-07-15 04:40:41', '2023-07-15 06:44:30'),
(138, '138.jpg', NULL, '2023-07-15 04:40:41', '2023-07-15 06:44:30'),
(139, '139.jpg', NULL, '2023-07-15 04:40:41', '2023-07-15 06:44:30'),
(140, '140.jpg', NULL, '2023-07-15 04:40:41', '2023-07-15 06:44:30'),
(141, '141.jpg', NULL, '2023-07-15 04:40:41', '2023-07-15 06:44:30'),
(142, '142.jpg', NULL, '2023-07-15 04:45:12', '2023-07-15 06:50:28'),
(143, '143.jpg', NULL, '2023-07-15 04:50:33', '2023-07-15 06:55:47'),
(144, '144.jpg', NULL, '2023-07-15 04:55:22', '2023-07-15 07:00:36'),
(145, '145.jpg', NULL, '2023-07-15 05:00:17', '2023-07-15 07:05:25'),
(146, '146.jpg', NULL, '2023-07-15 05:05:48', '2023-07-15 07:10:53'),
(147, '147.jpg', NULL, '2023-07-15 05:10:56', '2023-07-15 07:15:42'),
(148, '148.jpg', NULL, '2023-07-15 05:15:37', '2023-07-15 07:20:24'),
(149, '149.jpg', NULL, '2023-07-15 05:20:45', '2023-07-15 07:25:09'),
(150, '150.jpg', NULL, '2023-07-15 05:25:54', '2023-07-15 07:30:17'),
(151, '151.jpg', NULL, '2023-07-15 05:30:23', '2023-07-15 07:35:35'),
(152, '152.jpg', NULL, '2023-07-15 05:35:18', '2023-07-15 07:40:49'),
(153, '153.jpg', NULL, '2023-07-15 05:40:09', '2023-07-15 07:45:57'),
(154, '154.jpg', NULL, '2023-07-15 05:45:31', '2023-07-15 07:51:06'),
(155, '155.jpg', NULL, '2023-07-15 05:50:25', '2023-07-15 07:56:14'),
(156, '156.jpg', NULL, '2023-07-15 05:55:48', '2023-07-15 08:01:22'),
(157, '157.jpg', NULL, '2023-07-15 06:00:33', '2023-07-15 08:06:32'),
(158, '158.jpg', NULL, '2023-07-15 06:05:22', '2023-07-15 08:11:24'),
(159, '159.jpg', NULL, '2023-07-15 06:10:41', '2023-07-15 08:16:40'),
(160, '160.jpg', NULL, '2023-07-15 06:15:56', '2023-07-15 08:21:59'),
(161, '161.jpg', NULL, '2023-07-15 06:20:39', '2023-07-15 08:27:09'),
(162, '162.jpg', NULL, '2023-07-15 06:25:50', '2023-07-15 08:32:24'),
(163, '163.jpg', NULL, '2023-07-15 06:30:41', '2023-07-15 08:37:30'),
(164, '164.jpg', NULL, '2023-07-15 06:35:14', '2023-07-15 08:42:49'),
(165, '165.jpg', NULL, '2023-07-15 06:40:27', '2023-07-15 08:47:58'),
(166, '166.jpg', NULL, '2023-07-15 06:45:59', '2023-07-15 08:53:07'),
(167, '167.jpg', NULL, '2023-07-15 06:50:12', '2023-07-15 08:58:16'),
(168, '168.jpg', NULL, '2023-07-15 06:55:38', '2023-07-15 09:03:22'),
(169, '169.jpg', NULL, '2023-07-15 07:00:41', '2023-07-15 09:08:35'),
(170, '170.jpg', NULL, '2023-07-15 07:05:59', '2023-07-15 09:13:44'),
(171, '171.jpg', NULL, '2023-07-15 07:10:23', '2023-07-15 09:18:53'),
(172, '172.jpg', NULL, '2023-07-15 07:15:42', '2023-07-15 09:24:01'),
(173, '173.jpg', NULL, '2023-07-15 07:20:31', '2023-07-15 09:29:12'),
(174, '174.jpg', NULL, '2023-07-15 07:25:57', '2023-07-15 09:34:20'),
(175, '175.jpg', NULL, '2023-07-15 07:30:49', '2023-07-15 09:39:32'),
(176, '176.jpg', NULL, '2023-07-15 07:35:18', '2023-07-15 09:44:47'),
(177, '177.jpg', NULL, '2023-07-15 07:40:27', '2023-07-15 09:50:03'),
(178, '178.jpg', NULL, '2023-07-15 07:45:58', '2023-07-15 09:55:16'),
(179, '179.jpg', NULL, '2023-07-15 07:50:31', '2023-07-15 10:00:22'),
(180, '180.jpg', NULL, '2023-07-15 06:30:20', '2023-07-15 08:35:15'),
(181, '181.jpg',NULL,'2023-07-15 04:12:53', '2023-07-15 04:12:53'),
(182, '182.jpg',NULL,'2023-07-15 04:12:53', '2023-07-15 04:12:53'),
(183, '183.jpg',NULL,'2023-07-15 04:12:53', '2023-07-15 04:12:53'),
(184, '184.jpg',NULL,'2023-07-15 04:12:53', '2023-07-15 04:12:53'),
(185, '185.jpg',NULL,'2023-07-15 04:12:53', '2023-07-15 04:12:53'),
(186, '186.jpg',NULL,'2023-07-15 04:12:53', '2023-07-15 04:12:53'),
(187, '187.jpg',NULL,'2023-07-15 04:12:53', '2023-07-15 04:12:53'),
(188, '188.jpg',NULL,'2023-07-15 04:12:53', '2023-07-15 04:12:53'),
(189, '189.jpg',NULL,'2023-07-15 04:12:53', '2023-07-15 04:12:53'),
(190, '190.jpg',NULL,'2023-07-15 04:12:53', '2023-07-15 04:12:53'),
(191, '191.jpg',NULL,'2023-07-15 04:12:53', '2023-07-15 04:12:53'),
(192, '192.jpg',NULL,'2023-07-15 04:12:53', '2023-07-15 04:12:53'),
(193, '193.jpg',NULL,'2023-07-15 04:12:53', '2023-07-15 04:12:53'),
(194, '194.jpg',NULL,'2023-07-15 04:12:53', '2023-07-15 04:12:53'),
(195, '195.jpg',NULL,'2023-07-15 04:12:53', '2023-07-15 04:12:53'),
(196, '196.jpg',NULL,'2023-07-15 04:12:53', '2023-07-15 04:12:53'),
(197, '197.jpg',NULL,'2023-07-15 04:12:53', '2023-07-15 04:12:53'),
(198, '198.jpg',NULL,'2023-07-15 04:12:53', '2023-07-15 04:12:53'),
(199, '199.jpg',NULL,'2023-07-15 04:12:53', '2023-07-15 04:12:53'),
(200, '200.jpg',NULL,'2023-07-15 04:12:53', '2023-07-15 04:12:53'),
(201, '201.jpg',NULL,'2023-07-15 04:12:53', '2023-07-15 04:12:53'),
(202, '202.jpg',NULL,'2023-07-15 04:12:53', '2023-07-15 04:12:53'),
(203, '203.jpg',NULL,'2023-07-15 04:12:53', '2023-07-15 04:12:53'),
(204, '204.jpg',NULL,'2023-07-15 04:12:53', '2023-07-15 04:12:53'),
(205, '205.jpg',NULL,'2023-07-15 04:12:53', '2023-07-15 04:12:53'),
(206, '206.jpg',NULL,'2023-07-15 04:12:53', '2023-07-15 04:12:53'),
(207, '207.jpg',NULL,'2023-07-15 04:12:53', '2023-07-15 04:12:53'),
(208, '208.jpg',NULL,'2023-07-15 04:12:53', '2023-07-15 04:12:53'),
(209, '209.jpg',NULL,'2023-07-15 04:12:53', '2023-07-15 04:12:53'),
(210, '210.jpg',NULL,'2023-07-15 04:12:53', '2023-07-15 04:12:53'),
(211, '211.jpg',NULL,'2023-07-15 04:12:53', '2023-07-15 04:12:53'),
(212, '212.jpg',NULL,'2023-07-15 04:12:53', '2023-07-15 04:12:53'),
(213, '213.jpg',NULL,'2023-07-15 04:12:53', '2023-07-15 04:12:53'),
(214, '214.jpg',NULL,'2023-07-15 04:12:53', '2023-07-15 04:12:53'),
(215, '215.jpg',NULL,'2023-07-15 04:12:53', '2023-07-15 04:12:53'),
(216, '216.jpg',NULL,'2023-07-15 04:12:53', '2023-07-15 04:12:53'),
(217, '217.jpg',NULL,'2023-07-15 04:12:53', '2023-07-15 04:12:53'),
(218, '218.jpg',NULL,'2023-07-15 04:12:53', '2023-07-15 04:12:53'),
(219, '219.jpg',NULL,'2023-07-15 04:12:53', '2023-07-15 04:12:53'),
(220, '220.jpg',NULL,'2023-07-15 04:12:53', '2023-07-15 04:12:53'),
(221, '221.jpg', NULL, '2024-03-18 08:48:52', '2024-03-18 08:48:53'),
(222, '222.jpg', NULL, '2024-03-18 08:49:01', '2024-03-18 08:49:02'),
(223, '223.jpg', NULL, '2024-03-18 08:49:01', '2024-03-18 08:49:02'),
(224, '224.jpg', NULL, '2024-03-18 08:49:01', '2024-03-18 08:49:02'),
(225, '225.jpg', NULL, '2024-03-18 08:49:01', '2024-03-18 08:49:02'),
(226, '226.jpg', NULL, '2024-03-18 08:49:01', '2024-03-18 08:49:02'),
(227, '227.jpg', NULL, '2024-03-18 08:49:01', '2024-03-18 08:49:02'),
(228, '228.jpg', NULL, '2024-03-18 08:49:01', '2024-03-18 08:49:02'),
(229, '229.jpg', NULL, '2024-03-18 08:49:01', '2024-03-18 08:49:02'),
(230, '230.jpg', NULL, '2024-03-18 08:49:01', '2024-03-18 08:49:02'),
(231, '231.jpg', NULL, '2024-03-18 08:49:01', '2024-03-18 08:49:02'),
(232, '232.jpg', NULL, '2024-03-18 08:49:01', '2024-03-18 08:49:02'),
(233, '233.jpg', NULL, '2024-03-18 08:49:01', '2024-03-18 08:49:02'),
(234, '234.jpg', NULL, '2024-03-18 08:49:01', '2024-03-18 08:49:02'),
(235, '235.jpg', NULL, '2024-03-18 08:49:01', '2024-03-18 08:49:02'),
(236, '236.jpg', NULL, '2024-03-18 08:49:01', '2024-03-18 08:49:02'),
(237, '237.jpg', NULL, '2024-03-18 08:49:01', '2024-03-18 08:49:02'),
(238, '238.jpg', NULL, '2024-03-18 08:49:01', '2024-03-18 08:49:02'),
(239, '239.jpg', NULL, '2024-03-18 08:49:01', '2024-03-18 08:49:02'),
(240, '240.jpg', NULL, '2024-03-18 08:49:01', '2024-03-18 08:49:02'),
(241, '241.jpg', NULL, '2024-03-18 08:49:01', '2024-03-18 08:49:02'),
(242, '242.jpg', NULL, '2024-03-18 08:49:01', '2024-03-18 08:49:02'),
(243, '243.jpg', NULL, '2024-03-18 08:49:01', '2024-03-18 08:49:02'),
(244, '244.jpg', NULL, '2024-03-18 08:49:01', '2024-03-18 08:49:02'),
(245, '245.jpg', NULL, '2024-03-18 08:49:01', '2024-03-18 08:49:02'),
(246, '246.jpg', NULL, '2024-03-18 08:49:01', '2024-03-18 08:49:02'),
(247, '247.jpg', NULL, '2024-03-18 08:49:01', '2024-03-18 08:49:02'),
(248, '248.jpg', NULL, '2024-03-18 08:49:01', '2024-03-18 08:49:02'),
(249, '249.jpg', NULL, '2024-03-18 08:49:01', '2024-03-18 08:49:02'),
(250, '250.jpg', NULL, '2024-03-18 08:49:01', '2024-03-18 08:49:02'),
(251, '251.jpg', NULL, '2024-03-18 08:49:01', '2024-03-18 08:49:02'),
(252, '252.jpg', NULL, '2024-03-18 08:49:01', '2024-03-18 08:49:02'),
(253, '253.jpg', NULL, '2024-03-18 08:49:01', '2024-03-18 08:49:02'),
(254, '254.jpg', NULL, '2024-03-18 08:49:01', '2024-03-18 08:49:02'),
(255, '255.jpg', NULL, '2024-03-18 08:49:01', '2024-03-18 08:49:02'),
(256, '256.jpg', NULL, '2024-03-18 08:49:01', '2024-03-18 08:49:02'),
(257, '257.jpg', NULL, '2024-03-18 08:49:01', '2024-03-18 08:49:02'),
(258, '258.jpg', NULL, '2024-03-18 08:49:01', '2024-03-18 08:49:02'),
(259, '259.jpg', NULL, '2024-03-18 08:49:01', '2024-03-18 08:49:02'),
(260, '260.jpg', NULL, '2024-03-18 08:49:01', '2024-03-18 08:49:02'),
(261, '261.jpg', NULL, '2023-07-15 04:40:41', '2023-07-15 06:44:30'),
(262, '262.jpg', NULL, '2023-07-15 04:40:41', '2023-07-15 06:44:30'),
(263, '263.jpg', NULL, '2023-07-15 04:40:41', '2023-07-15 06:44:30'),
(264, '264.jpg', NULL, '2023-07-15 04:40:41', '2023-07-15 06:44:30'),
(265, '265.jpg', NULL, '2023-07-15 04:40:41', '2023-07-15 06:44:30'),
(266, '266.jpg', NULL, '2023-07-15 04:40:41', '2023-07-15 06:44:30'),
(267, '267.jpg', NULL, '2023-07-15 04:40:41', '2023-07-15 06:44:30'),
(268, '268.jpg', NULL, '2023-07-15 04:40:41', '2023-07-15 06:44:30'),
(269, '269.jpg', NULL, '2023-07-15 04:40:41', '2023-07-15 06:44:30'),
(270, '270.jpg', NULL, '2023-07-15 04:40:41', '2023-07-15 06:44:30'),
(271, '271.jpg', NULL, '2023-07-15 04:40:41', '2023-07-15 06:44:30'),
(272, '272.jpg', NULL, '2023-07-15 04:40:41', '2023-07-15 06:44:30'),
(273, '273.jpg', NULL, '2023-07-15 04:40:41', '2023-07-15 06:44:30'),
(274, '274.jpg', NULL, '2023-07-15 04:40:41', '2023-07-15 06:44:30'),
(275, '275.jpg', NULL, '2023-07-15 04:40:41', '2023-07-15 06:44:30'),
(276, '276.jpg', NULL, '2023-07-15 04:40:41', '2023-07-15 06:44:30'),
(277, '277.jpg', NULL, '2023-07-15 04:40:41', '2023-07-15 06:44:30'),
(278, '278.jpg', NULL, '2023-07-15 04:40:41', '2023-07-15 06:44:30'),
(279, '279.jpg', NULL, '2023-07-15 04:40:41', '2023-07-15 06:44:30'),
(280, '280.jpg', NULL, '2023-07-15 04:40:41', '2023-07-15 06:44:30'),
(281, '281.jpg', NULL, '2023-07-15 04:40:41', '2023-07-15 06:44:30'),
(282, '282.jpg', NULL, '2023-07-15 04:40:41', '2023-07-15 06:44:30'),
(283, '283.jpg', NULL, '2023-07-15 04:40:41', '2023-07-15 06:44:30'),
(284, '284.jpg', NULL, '2023-07-15 04:40:41', '2023-07-15 06:44:30'),
(285, '285.jpg', NULL, '2023-07-15 04:40:41', '2023-07-15 06:44:30'),
(286, '286.jpg', NULL, '2023-07-15 04:40:41', '2023-07-15 06:44:30'),
(287, '287.jpg', NULL, '2023-07-15 04:40:41', '2023-07-15 06:44:30'),
(288, '288.jpg', NULL, '2023-07-15 04:40:41', '2023-07-15 06:44:30'),
(289, '289.jpg', NULL, '2023-07-15 04:40:41', '2023-07-15 06:44:30'),
(290, '290.jpg', NULL, '2023-07-15 04:40:41', '2023-07-15 06:44:30'),
(291, '291.jpg', NULL, '2023-07-15 04:40:41', '2023-07-15 06:44:30'),
(292, '292.jpg', NULL, '2023-07-15 04:40:41', '2023-07-15 06:44:30'),
(293, '293.jpg', NULL, '2023-07-15 04:40:41', '2023-07-15 06:44:30'),
(294, '294.jpg', NULL, '2023-07-15 04:40:41', '2023-07-15 06:44:30'),
(295, '295.jpg', NULL, '2023-07-15 04:40:41', '2023-07-15 06:44:30'),
(296, '296.jpg', NULL, '2023-07-15 04:40:41', '2023-07-15 06:44:30'),
(297, '297.jpg', NULL, '2023-07-15 04:40:41', '2023-07-15 06:44:30'),
(298, '298.jpg', NULL, '2023-07-15 04:40:41', '2023-07-15 06:44:30'),
(299, '299.jpg', NULL, '2023-07-15 04:40:41', '2023-07-15 06:44:30'),
(300, '300.jpg', NULL, '2023-07-15 04:40:41', '2023-07-15 06:44:30'),
(301, '301.jpg', NULL, '2023-07-15 04:40:41', '2023-07-15 06:44:30'),
(302, '302.jpg', NULL, '2023-07-15 04:40:41', '2023-07-15 06:44:30'),
(303, '303.jpg', NULL, '2023-07-15 04:40:41', '2023-07-15 06:44:30'),
(304, '304.jpg', NULL, '2023-07-15 04:40:41', '2023-07-15 06:44:30'),
(305, '305.jpg', NULL, '2023-07-15 04:40:41', '2023-07-15 06:44:30'),
(306, '306.jpg', NULL, '2023-07-15 04:40:41', '2023-07-15 06:44:30'),
(307, '307.jpg', NULL, '2023-07-15 04:40:41', '2023-07-15 06:44:30'),
(308, '308.jpg', NULL, '2023-07-15 04:40:41', '2023-07-15 06:44:30'),
(309, '309.jpg', NULL, '2023-07-15 04:40:41', '2023-07-15 06:44:30'),
(310, '310.jpg', NULL, '2023-07-15 04:40:41', '2023-07-15 06:44:30'),
(311, '311.jpg', NULL, '2023-07-15 04:40:41', '2023-07-15 06:44:30'),
(312, '312.jpg', NULL, '2023-07-15 04:40:41', '2023-07-15 06:44:30'),
(313, '313.jpg', NULL, '2023-07-15 04:40:41', '2023-07-15 06:44:30'),
(314, '314.jpg', NULL, '2023-07-15 04:40:41', '2023-07-15 06:44:30'),
(315, '315.jpg', NULL, '2023-07-15 04:40:41', '2023-07-15 06:44:30'),
(316, '316.jpg', NULL, '2023-07-15 04:40:41', '2023-07-15 06:44:30'),
(317, '317.jpg', NULL, '2023-07-15 04:40:41', '2023-07-15 06:44:30'),
(318, '318.jpg', NULL, '2023-07-15 04:40:41', '2023-07-15 06:44:30'),
(319, '319.jpg', NULL, '2023-07-15 04:40:41', '2023-07-15 06:44:30'),
(320, '320.jpg', NULL, '2023-07-15 04:40:41', '2023-07-15 06:44:30'),
(321, '321.jpg', NULL, '2023-07-15 04:40:41', '2023-07-15 06:44:30'),
(322, '322.jpg', NULL, '2023-07-15 04:40:41', '2023-07-15 06:44:30'),
(323, '323.jpg', NULL, '2023-07-15 04:40:41', '2023-07-15 06:44:30'),
(324, '324.jpg', NULL, '2023-07-15 04:40:41', '2023-07-15 06:44:30'),
(325, '325.jpg', NULL, '2023-07-15 04:40:41', '2023-07-15 06:44:30'),
(326, '326.jpg', NULL, '2023-07-15 04:40:41', '2023-07-15 06:44:30'),
(327, '327.jpg', NULL, '2023-07-15 04:40:41', '2023-07-15 06:44:30'),
(328, '328.jpg', NULL, '2023-07-15 04:40:41', '2023-07-15 06:44:30'),
(329, '329.jpg', NULL, '2023-07-15 04:40:41', '2023-07-15 06:44:30'),
(330, '330.jpg', NULL, '2023-07-15 04:40:41', '2023-07-15 06:44:30'),
(331, '331.jpg', NULL, '2023-07-15 04:40:41', '2023-07-15 06:44:30'),
(332, '332.jpg', NULL, '2023-07-15 04:40:41', '2023-07-15 06:44:30'),
(333, '333.jpg', NULL, '2023-07-15 04:40:41', '2023-07-15 06:44:30'),
(334, '334.jpg', NULL, '2023-07-15 04:40:41', '2023-07-15 06:44:30'),
(335, '335.jpg', NULL, '2023-07-15 04:40:41', '2023-07-15 06:44:30'),
(336, '336.jpg', NULL, '2023-07-15 04:40:41', '2023-07-15 06:44:30'),
(337, '337.jpg', NULL, '2023-07-15 04:40:41', '2023-07-15 06:44:30'),
(338, '338.jpg', NULL, '2023-07-15 04:40:41', '2023-07-15 06:44:30'),
(339, '339.jpg', NULL, '2023-07-15 04:40:41', '2023-07-15 06:44:30'),
(340, '340.jpg', NULL, '2023-07-15 04:40:41', '2023-07-15 06:44:30'),
(341, '341.jpg', NULL, '2023-07-15 04:40:41', '2023-07-15 06:44:30'),
(342, '342.jpg', NULL, '2023-07-15 04:40:41', '2023-07-15 06:44:30'),
(343, '343.jpg', NULL, '2023-07-15 04:40:41', '2023-07-15 06:44:30'),
(344, '344.jpg', NULL, '2023-07-15 04:40:41', '2023-07-15 06:44:30'),
(345, '345.jpg', NULL, '2023-07-15 04:40:41', '2023-07-15 06:44:30'),
(346, '346.jpg', NULL, '2023-07-15 04:40:41', '2023-07-15 06:44:30'),
(347, '347.jpg', NULL, '2023-07-15 04:40:41', '2023-07-15 06:44:30'),
(348, '348.jpg', NULL, '2023-07-15 04:40:41', '2023-07-15 06:44:30'),
(349, '349.jpg', NULL, '2023-07-15 04:40:41', '2023-07-15 06:44:30'),
(350, '350.jpg', NULL, '2023-07-15 04:40:41', '2023-07-15 06:44:30'),
(351, '351.jpg' , NULL, '2023-07-15 04:40:41', '2023-07-15 06:44:30'),
(352, '352.jpg' , NULL, '2023-07-15 04:40:41', '2023-07-15 06:44:30'),
(353, '353.jpg' , NULL, '2023-07-15 04:40:41', '2023-07-15 06:44:30'),
(354, '354.jpg' , NULL, '2023-07-15 04:40:41', '2023-07-15 06:44:30'),
(355, '355.jpg' , NULL, '2023-07-15 04:40:41', '2023-07-15 06:44:30'),
(356, '356.jpg' , NULL, '2023-07-15 04:40:41', '2023-07-15 06:44:30'),
(357, '357.jpg' , NULL, '2023-07-15 04:40:41', '2023-07-15 06:44:30'),
(358, '358.jpg' , NULL, '2023-07-15 04:40:41', '2023-07-15 06:44:30'),
(359, '359.jpg' , NULL, '2023-07-15 04:40:41', '2023-07-15 06:44:30'),
(360, '360.jpg' , NULL, '2023-07-15 04:40:41', '2023-07-15 06:44:30'),
(361, '361.jpg' , NULL, '2023-07-15 04:40:41', '2023-07-15 06:44:30'),
(362, '362.jpg' , NULL, '2023-07-15 04:40:41', '2023-07-15 06:44:30'),
(363, '363.jpg' , NULL, '2023-07-15 04:40:41', '2023-07-15 06:44:30'),
(364, '364.jpg' , NULL, '2023-07-15 04:40:41', '2023-07-15 06:44:30'),
(365, '365.jpg' , NULL, '2023-07-15 04:40:41', '2023-07-15 06:44:30'),
(366, '366.jpg' , NULL, '2023-07-15 04:40:41', '2023-07-15 06:44:30'),
(367, '367.jpg' , NULL, '2023-07-15 04:40:41', '2023-07-15 06:44:30'),
(368, '368.jpg' , NULL, '2023-07-15 04:40:41', '2023-07-15 06:44:30'),
(369, '369.jpg' , NULL, '2023-07-15 04:40:41', '2023-07-15 06:44:30'),
(370, '370.jpg' , NULL, '2023-07-15 04:40:41', '2023-07-15 06:44:30'),
(371, '371.jpg' , NULL, '2023-07-15 04:40:41', '2023-07-15 06:44:30'),
(372, '372.jpg' , NULL, '2023-07-15 04:40:41', '2023-07-15 06:44:30'),
(373, '373.jpg' , NULL, '2023-07-15 04:40:41', '2023-07-15 06:44:30'),
(374, '374.jpg' , NULL, '2023-07-15 04:40:41', '2023-07-15 06:44:30'),
(375, '375.jpg' , NULL, '2023-07-15 04:40:41', '2023-07-15 06:44:30'),
(376, '376.jpg' , NULL, '2023-07-15 04:40:41', '2023-07-15 06:44:30'),
(377, '377.jpg' , NULL, '2023-07-15 04:40:41', '2023-07-15 06:44:30'),
(378, '378.jpg' , NULL, '2023-07-15 04:40:41', '2023-07-15 06:44:30'),
(379, '379.jpg' , NULL, '2023-07-15 04:40:41', '2023-07-15 06:44:30'),
(380, '380.jpg' , NULL, '2023-07-15 04:40:41', '2023-07-15 06:44:30'),
(381, '381.jpg' , NULL, '2023-07-15 04:40:41', '2023-07-15 06:44:30'),
(382, '382.jpg' , NULL, '2023-07-15 04:40:41', '2023-07-15 06:44:30'),
(383, '383.jpg' , NULL, '2023-07-15 04:40:41', '2023-07-15 06:44:30'),
(384, '384.jpg' , NULL, '2023-07-15 04:40:41', '2023-07-15 06:44:30'),
(385, '385.jpg' , NULL, '2023-07-15 04:40:41', '2023-07-15 06:44:30'),
(386, '386.jpg' , NULL, '2023-07-15 04:40:41', '2023-07-15 06:44:30'),
(387, '387.jpg' , NULL, '2023-07-15 04:40:41', '2023-07-15 06:44:30'),
(388, '388.jpg' , NULL, '2023-07-15 04:40:41', '2023-07-15 06:44:30'),
(389, '389.jpg' , NULL, '2023-07-15 04:40:41', '2023-07-15 06:44:30'),
(390, '390.jpg' , NULL, '2023-07-15 04:40:41', '2023-07-15 06:44:30'),
(391, '391.jpg' , NULL, '2023-07-15 04:40:41', '2023-07-15 06:44:30'),
(392, '392.jpg' , NULL, '2023-07-15 04:40:41', '2023-07-15 06:44:30'),
(393, '393.jpg' , NULL, '2023-07-15 04:40:41', '2023-07-15 06:44:30'),
(394, '394.jpg' , NULL, '2023-07-15 04:40:41', '2023-07-15 06:44:30'),
(395, '395.jpg' , NULL, '2023-07-15 04:40:41', '2023-07-15 06:44:30'),
(396, '396.jpg' , NULL, '2023-07-15 04:40:41', '2023-07-15 06:44:30'),
(397, '397.jpg' , NULL, '2023-07-15 04:40:41', '2023-07-15 06:44:30'),
(398, '398.jpg' , NULL, '2023-07-15 04:40:41', '2023-07-15 06:44:30'),
(399, '399.jpg' , NULL, '2023-07-15 04:40:41', '2023-07-15 06:44:30'),
(400, '400.jpg' , NULL, '2023-07-15 04:40:41', '2023-07-15 06:44:30'),
(401, '401.jpg' , NULL, '2023-07-15 04:40:41', '2023-07-15 06:44:30'),
(402, '402.jpg' , NULL, '2023-07-15 04:40:41', '2023-07-15 06:44:30'),
(403, '403.jpg' , NULL, '2023-07-15 04:40:41', '2023-07-15 06:44:30'),
(404, '404.jpg' , NULL, '2023-07-15 04:40:41', '2023-07-15 06:44:30'),
(405, '405.jpg' , NULL, '2023-07-15 04:40:41', '2023-07-15 06:44:30'),
(406, '406.jpg' , NULL, '2023-07-15 04:40:41', '2023-07-15 06:44:30'),
(407, '407.jpg' , NULL, '2023-07-15 04:40:41', '2023-07-15 06:44:30'),
(408, '408.jpg' , NULL, '2023-07-15 04:40:41', '2023-07-15 06:44:30'),
(409, '409.jpg' , NULL, '2023-07-15 04:40:41', '2023-07-15 06:44:30'),
(410, '410.jpg' , NULL, '2023-07-15 04:40:41', '2023-07-15 06:44:30'),
(411, '411.jpg' , NULL, '2023-07-15 04:40:41', '2023-07-15 06:44:30'),
(412, '412.jpg' , NULL, '2023-07-15 04:40:41', '2023-07-15 06:44:30'),
(413, '413.jpg' , NULL, '2023-07-15 04:40:41', '2023-07-15 06:44:30'),
(414, '414.jpg' , NULL, '2023-07-15 04:40:41', '2023-07-15 06:44:30'),
(415, '415.jpg' , NULL, '2023-07-15 04:40:41', '2023-07-15 06:44:30'),
(416, '416.jpg' , NULL, '2023-07-15 04:40:41', '2023-07-15 06:44:30'),
(417, '417.jpg' , NULL, '2023-07-15 04:40:41', '2023-07-15 06:44:30'),
(418, '418.jpg' , NULL, '2023-07-15 04:40:41', '2023-07-15 06:44:30'),
(419, '419.jpg' , NULL, '2023-07-15 04:40:41', '2023-07-15 06:44:30'),
(420, '420.jpg' , NULL, '2023-07-15 04:40:41', '2023-07-15 06:44:30'),
(421, '421.jpg' , NULL, '2023-07-15 04:40:41', '2023-07-15 06:44:30'),
(422, '422.jpg' , NULL, '2023-07-15 04:40:41', '2023-07-15 06:44:30'),
(423, '423.jpg' , NULL, '2023-07-15 04:40:41', '2023-07-15 06:44:30'),
(424, '424.jpg' , NULL, '2023-07-15 04:40:41', '2023-07-15 06:44:30'),
(425, '425.jpg' , NULL, '2023-07-15 04:40:41', '2023-07-15 06:44:30'),
(426, '426.jpg' , NULL, '2023-07-15 04:40:41', '2023-07-15 06:44:30'),
(427, '427.jpg' , NULL, '2023-07-15 04:40:41', '2023-07-15 06:44:30'),
(428, '428.jpg' , NULL, '2023-07-15 04:40:41', '2023-07-15 06:44:30'),
(429, '429.jpg' , NULL, '2023-07-15 04:40:41', '2023-07-15 06:44:30'),
(430, '430.jpg' , NULL, '2023-07-15 04:40:41', '2023-07-15 06:44:30'),
(431, '431.jpg' , NULL, '2023-07-15 04:40:41', '2023-07-15 06:44:30'),
(432, '432.jpg' , NULL, '2023-07-15 04:40:41', '2023-07-15 06:44:30'),
(433, '433.jpg' , NULL, '2023-07-15 04:40:41', '2023-07-15 06:44:30'),
(434, '434.jpg' , NULL, '2023-07-15 04:40:41', '2023-07-15 06:44:30'),
(435, '435.jpg' , NULL, '2023-07-15 04:40:41', '2023-07-15 06:44:30'),
(436, '436.jpg' , NULL, '2023-07-15 04:40:41', '2023-07-15 06:44:30'),
(437, '437.jpg' , NULL, '2023-07-15 04:40:41', '2023-07-15 06:44:30'),
(438, '438.jpg' , NULL, '2023-07-15 04:40:41', '2023-07-15 06:44:30'),
(439, '439.jpg' , NULL, '2023-07-15 04:40:41', '2023-07-15 06:44:30'),
(440, '440.jpg' , NULL, '2023-07-15 04:40:41', '2023-07-15 06:44:30'),
(441, '441.jpg' , NULL, '2023-07-15 04:40:41', '2023-07-15 06:44:30'),
(442, '442.jpg' , NULL, '2023-07-15 04:40:41', '2023-07-15 06:44:30'),
(443, '443.jpg' , NULL, '2023-07-15 04:40:41', '2023-07-15 06:44:30'),
(444, '444.jpg' , NULL, '2023-07-15 04:40:41', '2023-07-15 06:44:30'),
(445, '445.jpg' , NULL, '2023-07-15 04:40:41', '2023-07-15 06:44:30'),
(446, '446.jpg' , NULL, '2023-07-15 04:40:41', '2023-07-15 06:44:30'),
(447, '447.jpg' , NULL, '2023-07-15 04:40:41', '2023-07-15 06:44:30'),
(448, '448.jpg' , NULL, '2023-07-15 04:40:41', '2023-07-15 06:44:30'),
(449, '449.jpg' , NULL, '2023-07-15 04:40:41', '2023-07-15 06:44:30'),
(450, '450.jpg' , NULL, '2023-07-15 04:40:41', '2023-07-15 06:44:30'),
(451, '451.jpg', NULL, '2023-07-15 04:40:41', '2023-07-15 06:44:30'),
(452, '452.jpg', NULL, '2023-07-15 04:40:41', '2023-07-15 06:44:30'),
(453, '453.jpg', NULL, '2023-07-15 04:40:41', '2023-07-15 06:44:30'),
(454, '454.jpg', NULL, '2023-07-15 04:40:41', '2023-07-15 06:44:30'),
(455, '455.jpg', NULL, '2023-07-15 04:40:41', '2023-07-15 06:44:30'),
(456, '456.jpg', NULL, '2023-07-15 04:40:41', '2023-07-15 06:44:30'),
(457, '457.jpg', NULL, '2023-07-15 04:40:41', '2023-07-15 06:44:30'),
(458, '458.jpg', NULL, '2023-07-15 04:40:41', '2023-07-15 06:44:30'),
(459, '459.jpg', NULL, '2023-07-15 04:40:41', '2023-07-15 06:44:30'),
(460, '460.jpg', NULL, '2023-07-15 04:40:41', '2023-07-15 06:44:30'),
(461, '461.jpg', NULL, '2023-07-15 04:40:41', '2023-07-15 06:44:30'),
(462, '462.jpg', NULL, '2023-07-15 04:40:41', '2023-07-15 06:44:30'),
(463, '463.jpg', NULL, '2023-07-15 04:40:41', '2023-07-15 06:44:30'),
(464, '464.jpg', NULL, '2023-07-15 04:40:41', '2023-07-15 06:44:30'),
(465, '465.jpg', NULL, '2023-07-15 04:40:41', '2023-07-15 06:44:30'),
(466, '466.jpg', NULL, '2023-07-15 04:40:41', '2023-07-15 06:44:30'),
(467, '467.jpg', NULL, '2023-07-15 04:40:41', '2023-07-15 06:44:30'),
(468, '468.jpg', NULL, '2023-07-15 04:40:41', '2023-07-15 06:44:30'),
(469, '469.jpg', NULL, '2023-07-15 04:40:41', '2023-07-15 06:44:30'),
(470, '470.jpg', NULL, '2023-07-15 04:40:41', '2023-07-15 06:44:30'),
(471, '471.jpg', NULL, '2023-07-15 04:40:41', '2023-07-15 06:44:30'),
(472, '472.jpg', NULL, '2023-07-15 04:40:41', '2023-07-15 06:44:30'),
(473, '473.jpg', NULL, '2023-07-15 04:40:41', '2023-07-15 06:44:30'),
(474, '474.jpg', NULL, '2023-07-15 04:40:41', '2023-07-15 06:44:30'),
(475, '475.jpg', NULL, '2023-07-15 04:40:41', '2023-07-15 06:44:30'),
(476, '476.jpg', NULL, '2023-07-15 04:40:41', '2023-07-15 06:44:30'),
(477, '477.jpg', NULL, '2023-07-15 04:40:41', '2023-07-15 06:44:30'),
(478, '478.jpg', NULL, '2023-07-15 04:40:41', '2023-07-15 06:44:30'),
(479, '479.jpg', NULL, '2023-07-15 04:40:41', '2023-07-15 06:44:30'),
(480, '480.jpg', NULL, '2023-07-15 04:40:41', '2023-07-15 06:44:30'),
(481, '481.jpg', NULL, '2023-07-15 04:40:41', '2023-07-15 06:44:30'),
(482, '482.jpg', NULL, '2023-07-15 04:40:41', '2023-07-15 06:44:30'),
(483, '483.jpg', NULL, '2023-07-15 04:40:41', '2023-07-15 06:44:30'),
(484, '484.jpg', NULL, '2023-07-15 04:40:41', '2023-07-15 06:44:30'),
(485, '485.jpg', NULL, '2023-07-15 04:40:41', '2023-07-15 06:44:30'),
(486, '486.jpg', NULL, '2023-07-15 04:40:41', '2023-07-15 06:44:30'),
(487, '487.jpg', NULL, '2023-07-15 04:40:41', '2023-07-15 06:44:30'),
(488, '488.jpg', NULL, '2023-07-15 04:40:41', '2023-07-15 06:44:30'),
(489, '489.jpg', NULL, '2023-07-15 04:40:41', '2023-07-15 06:44:30'),
(490, '490.jpg', NULL, '2023-07-15 04:40:41', '2023-07-15 06:44:30'),
(491, '491.jpg', NULL, '2023-07-15 04:40:41', '2023-07-15 06:44:30'),
(492, '492.jpg', NULL, '2023-07-15 04:40:41', '2023-07-15 06:44:30'),
(493, '493.jpg', NULL, '2023-07-15 04:40:41', '2023-07-15 06:44:30'),
(494, '494.jpg', NULL, '2023-07-15 04:40:41', '2023-07-15 06:44:30'),
(495, '495.jpg', NULL, '2023-07-15 04:40:41', '2023-07-15 06:44:30'),
(496, '496.jpg', NULL, '2023-07-15 04:40:41', '2023-07-15 06:44:30'),
(497, '497.jpg', NULL, '2023-07-15 04:40:41', '2023-07-15 06:44:30'),
(498, '498.jpg', NULL, '2023-07-15 04:40:41', '2023-07-15 06:44:30'),
(499, '499.jpg', NULL, '2023-07-15 04:40:41', '2023-07-15 06:44:30'),
(500, '500.jpg', NULL, '2023-07-15 04:40:41', '2023-07-15 06:44:30');

-- --------------------------------------------------------

--
-- Table structure for table `imports`
--

CREATE TABLE `imports` (
  `id` bigint(20) UNSIGNED NOT NULL,
  `user_id` bigint(20) UNSIGNED NOT NULL,
  `total_price` double NOT NULL,
  `debt` double NOT NULL,
  `note` text DEFAULT NULL,
  `created_at` timestamp NULL DEFAULT NULL,
  `updated_at` timestamp NULL DEFAULT NULL
) ENGINE=InnoDB DEFAULT CHARSET=utf8mb4 COLLATE=utf8mb4_general_ci;

--
-- Dumping data for table `imports`
--

INSERT INTO `imports` (`id`, `user_id`, `total_price`, `debt`, `note`, `created_at`, `updated_at`) VALUES
(1, 4, 19075000000, 0, 'lan 1', '2023-11-15 04:07:28', '2023-11-15 04:07:28'),
(2, 1, 2000000000, 2000000000, 'lan 2', '2023-11-15 04:11:09', '2023-11-15 04:12:17');

-- --------------------------------------------------------

--
-- Table structure for table `import_details`
--

CREATE TABLE `import_details` (
  `id` bigint(20) UNSIGNED NOT NULL,
  `import_id` bigint(20) UNSIGNED NOT NULL,
  `product_id` bigint(20) UNSIGNED NOT NULL,
  `qty` int(11) NOT NULL,
  `price` double NOT NULL,
  `created_at` timestamp NULL DEFAULT NULL,
  `updated_at` timestamp NULL DEFAULT NULL
) ENGINE=InnoDB DEFAULT CHARSET=utf8mb4 COLLATE=utf8mb4_general_ci;

--
-- Dumping data for table `import_details`
--

INSERT INTO `import_details` (`id`, `import_id`, `product_id`, `qty`, `price`, `created_at`, `updated_at`) VALUES
(1, 1, 1, 100, 20000000, '2023-11-15 04:07:28', '2023-11-15 04:07:28'),
(2, 1, 2, 100, 30000000, '2023-11-15 04:07:28', '2023-11-15 04:07:28'),
(3, 1, 3, 100, 100000, '2023-11-15 04:07:28', '2023-11-15 04:07:28'),
(4, 1, 4, 100, 200000, '2023-11-15 04:07:28', '2023-11-15 04:07:28'),
(5, 1, 5, 100, 50000000, '2023-11-15 04:07:28', '2023-11-15 04:07:28'),
(6, 1, 6, 100, 25000000, '2023-11-15 04:07:28', '2023-11-15 04:07:28'),
(7, 1, 7, 100, 100000, '2023-11-15 04:07:28', '2023-11-15 04:07:28'),
(8, 1, 8, 100, 50000, '2023-11-15 04:07:28', '2023-11-15 04:07:28'),
(9, 1, 9, 100, 300000, '2023-11-15 04:07:28', '2023-11-15 04:07:28'),
(10, 1, 10, 100, 25000000, '2023-11-15 04:07:28', '2023-11-15 04:07:28'),
(11, 1, 11, 100, 30000000, '2023-11-15 04:07:28', '2023-11-15 04:07:28'),
(12, 1, 12, 100, 10000000, '2023-11-15 04:07:28', '2023-11-15 04:07:28'),
(13, 2, 1, 100, 20000000, '2023-11-15 04:11:09', '2023-11-15 04:12:17');

-- --------------------------------------------------------

--
-- Table structure for table `migrations`
--

CREATE TABLE `migrations` (
  `id` int(10) UNSIGNED NOT NULL,
  `migration` varchar(255) NOT NULL,
  `batch` int(11) NOT NULL
) ENGINE=InnoDB DEFAULT CHARSET=utf8mb4 COLLATE=utf8mb4_unicode_ci;

-- --------------------------------------------------------

--
-- Table structure for table `orders`
--

CREATE TABLE `orders` (
  `id` bigint(20) UNSIGNED NOT NULL,
  `cusId` bigint(20) UNSIGNED NOT NULL,
  `discountId` bigint(20) UNSIGNED DEFAULT NULL,
  `totalPrice` double NOT NULL,
  `debt` double NOT NULL,
  `status` int(11) NOT NULL DEFAULT 1,
  `payment` int(11) NOT NULL,
  `created_at` timestamp NULL DEFAULT NULL,
  `updated_at` timestamp NULL DEFAULT NULL
) ENGINE=InnoDB DEFAULT CHARSET=utf8mb4 COLLATE=utf8mb4_unicode_ci;

--
-- Dumping data for table `orders`
--

INSERT INTO orders (id, cusId, discountId, totalPrice, debt, status, payment, created_at, updated_at) VALUES
(1, 1, NULL, 35350000, 35350000, 2, 0, '2023-11-15 05:10:06', '2023-11-18 06:05:54'),
(2, 2, 1, 280000, 0, 4, 0, '2023-11-26 03:44:09', '2023-11-26 04:05:17'),
(3, 3, 2, 240000, 240000, 2, 0, '2023-11-26 04:17:44', '2023-11-26 04:21:58'),
(4, 4, NULL, 60000000, 60000000, 1, 0, '2023-12-10 04:40:11', '2023-12-10 04:40:11'),
(5, 5, NULL, 40000000, 4000000, 3, 1, '2023-12-10 04:40:11', '2023-12-10 04:40:11'),
(6, 6, NULL, 5000000, 5000000, 2, 0, '2024-04-06 09:14:03', '2024-04-06 09:16:33'),
(7, 7, NULL, 28000000, 28000000, 1, 0, '2024-04-06 09:58:38', '2024-04-06 09:58:38'),
(8, 8, NULL, 57500000, 57500000, 1, 0, '2024-04-06 09:59:47', '2024-04-06 09:59:47'),
(9, 9, NULL, 17800000, 17800000, 1, 0, '2024-04-06 10:00:41', '2024-04-06 10:00:41'),
(10, 10, NULL, 25000000, 25000000, 1, 0, '2024-04-06 10:03:31', '2024-04-06 10:03:31'),
(11, 11, NULL, 3000000, 3000000, 1, 0, '2024-04-06 10:04:14', '2024-04-06 10:04:14'),
(12, 12, NULL, 1800000, 1800000, 1, 0, '2024-04-06 10:04:41', '2024-04-06 10:04:41'),
(13, 13, NULL, 34000000, 34000000, 1, 0, '2024-04-06 10:07:03', '2024-04-06 10:07:03'),
(14, 14, NULL, 11000000, 11000000, 1, 0, '2024-04-06 10:07:47', '2024-04-06 10:07:47'),
(15, 15, NULL, 31500000, 31500000, 1, 0, '2024-04-06 10:08:42', '2024-04-06 10:08:42'),
(16, 16, NULL, 55000000, 55000000, 1, 0, '2024-04-06 10:09:32', '2024-04-06 10:09:32'),
(17, 17, NULL, 30000000, 30000000, 1, 0, '2024-04-06 10:11:19', '2024-04-06 10:11:19'),
(18, 18, NULL, 23500000, 23500000, 1, 0, '2024-04-06 10:11:54', '2024-04-06 10:11:54'),
(19, 19, NULL, 10000000, 10000000, 1, 0, '2024-04-06 10:14:34', '2024-04-06 10:14:34'),
(20, 20, NULL, 8500000, 8500000, 1, 0, '2024-04-06 10:15:15', '2024-04-06 10:15:15'),
(21, 21, NULL, 55000000, 55000000, 1, 0, '2024-04-06 10:15:56', '2024-04-06 10:15:56'),
(22, 22, NULL, 45000000, 45000000, 1, 0, '2024-04-06 10:17:46', '2024-04-06 10:17:46'),
(23, 23, NULL, 34000000, 34000000, 1, 0, '2024-04-06 10:18:19', '2024-04-06 10:18:19'),
(24, 24, NULL, 60000000, 60000000, 1, 0, '2024-04-06 10:19:18', '2024-04-06 10:19:18'),
(25, 25, NULL, 36500000, 36500000, 1, 0, '2024-04-06 10:19:52', '2024-04-06 10:19:52'),
(26, 26, NULL, 30000000, 30000000, 1, 0, '2024-04-06 10:20:29', '2024-04-06 10:20:29'),
(27, 27, NULL, 15500000, 15500000, 1, 0, '2024-04-06 10:23:56', '2024-04-06 10:23:56'),
(28, 28, NULL, 27000000, 27000000, 1, 0, '2024-04-06 10:24:35', '2024-04-06 10:24:35'),
(29, 29, NULL, 20000000, 20000000, 1, 0, '2024-04-06 10:25:05', '2024-04-06 10:25:05'),
(30, 30, NULL, 45000000, 45000000, 1, 0, '2024-04-06 10:26:03', '2024-04-06 10:26:03'),
(31, 31, NULL, 30000000, 30000000, 1, 0, '2024-04-06 10:26:37', '2024-04-06 10:26:37'),
(32, 32, NULL, 20000000, 20000000, 1, 0, '2024-04-06 10:27:13', '2024-04-06 10:27:13'),
(33, 33, NULL, 120000000, 120000000, 1, 0, '2024-04-06 10:27:53', '2024-04-06 10:27:53'),
(34, 34, NULL, 20000000, 20000000, 1, 0, '2024-04-06 10:28:21', '2024-04-06 10:28:21'),
(35, 35, NULL, 25000000, 25000000, 1, 0, '2024-04-06 10:28:58', '2024-04-06 10:28:58'),
(36, 36, NULL, 35000000, 35000000, 1, 0, '2024-04-06 10:29:41', '2024-04-06 10:29:41'),
(37, 37, NULL, 30000000, 30000000, 1, 0, '2024-04-06 10:32:27', '2024-04-06 10:32:27'),
(38, 38, NULL, 40000000, 40000000, 1, 0, '2024-04-06 10:33:00', '2024-04-06 10:33:00'),
(39, 39, NULL, 25000000, 25000000, 1, 0, '2024-04-06 10:33:56', '2024-04-06 10:33:56'),
(40, 40, NULL, 35000000, 35000000, 1, 0, '2024-04-06 10:34:26', '2024-04-06 10:34:26'),
(41, 41, NULL, 30000000, 30000000, 1, 0, '2024-04-06 10:35:01', '2024-04-06 10:35:01'),
(42, 42, NULL, 50000000, 50000000, 1, 0, '2024-04-06 10:35:30', '2024-04-06 10:35:30'),
(43, 43, NULL, 45000000, 45000000, 1, 0, '2024-04-06 10:36:10', '2024-04-06 10:36:10'),
(44, 44, NULL, 18000000, 18000000, 1, 0, '2024-04-06 10:37:17', '2024-04-06 10:37:17'),
(45, 45, NULL, 34000000, 34000000, 1, 0, '2024-04-06 10:37:59', '2024-04-06 10:37:59'),
(46, 46, NULL, 28000000, 28000000, 1, 0, '2024-04-06 10:38:27', '2024-04-06 10:38:27'),
(47, 47, NULL, 4000000, 4000000, 1, 0, '2024-04-06 14:45:15', '2024-04-06 14:45:15'),
(48, 48, NULL, 33000000, 33000000, 1, 0, '2024-04-06 14:46:09', '2024-04-06 14:46:09'),
(49, 49, NULL, 19000000, 19000000, 1, 0, '2024-04-06 14:47:23', '2024-04-06 14:47:23'),
(50, 50, NULL, 20000000, 20000000, 1, 0, '2024-04-06 14:48:03', '2024-04-06 14:48:03'),
(51, 51, NULL, 72000000, 72000000, 1, 0, '2024-04-06 14:48:52', '2024-04-06 14:48:52'),
(52, 52, NULL, 25000000, 25000000, 1, 0, '2024-04-06 14:49:34', '2024-04-06 14:49:34'),
(53, 53, NULL, 45000000, 45000000, 1, 0, '2024-04-06 14:50:17', '2024-04-06 14:50:17'),
(54, 54, NULL, 22000000, 22000000, 1, 0, '2024-04-06 14:51:34', '2024-04-06 14:51:34'),
(55, 55, NULL, 55100000, 55100000, 1, 0, '2024-04-06 14:52:42', '2024-04-06 14:52:42'),
(56, 56, NULL, 27000000, 27000000, 1, 0, '2024-04-06 14:53:28', '2024-04-06 14:53:28'),
(57, 57, NULL, 92000000, 92000000, 1, 0, '2024-04-06 14:56:20', '2024-04-06 14:56:20'),
(58, 58, NULL, 416000000, 416000000, 1, 0, '2024-04-06 14:57:49', '2024-04-06 14:57:49'),
(59, 59, NULL, 52000000, 52000000, 1, 0, '2024-04-06 14:58:41', '2024-04-06 14:58:41'),
(60, 60, NULL, 121000000, 121000000, 1, 0, '2024-04-06 14:59:52', '2024-04-06 14:59:52'),
(61, 61, NULL, 45000000, 45000000, 1, 0, '2024-04-06 15:00:26', '2024-04-06 15:00:26'),
(62, 62, NULL, 72000000, 72000000, 1, 0, '2024-04-06 15:01:12', '2024-04-06 15:01:12'),
(63, 63, NULL, 32000000, 32000000, 1, 0, '2024-04-06 15:02:10', '2024-04-06 15:02:10'),
(64, 64, NULL, 30000000, 30000000, 1, 0, '2024-04-06 15:02:56', '2024-04-06 15:02:56'),
(65, 65, NULL, 65000000, 65000000, 1, 0, '2024-04-06 15:03:43', '2024-04-06 15:03:43'),
(66, 66, NULL, 60000000, 60000000, 1, 0, '2024-04-06 15:04:57', '2024-04-06 15:04:57'),
(67, 67, NULL, 25000000, 25000000, 1, 0, '2024-04-06 15:06:07', '2024-04-06 15:06:07'),
(68, 68, NULL, 30000000, 30000000, 1, 0, '2024-04-06 15:07:08', '2024-04-06 15:07:08'),
(69, 69, NULL, 30000000, 30000000, 1, 0, '2024-04-06 15:07:52', '2024-04-06 15:07:52'),
(70, 70, NULL, 3500000, 3500000, 1, 0, '2024-04-06 15:08:42', '2024-04-06 15:08:42'),
(71, 71, NULL, 13800000, 13800000, 1, 0, '2024-04-06 15:09:29', '2024-04-06 15:09:29'),
(72, 72, NULL, 48000000, 48000000, 1, 0, '2024-04-06 15:10:09', '2024-04-06 15:10:09'),
(73, 73, NULL, 2560000000, 2560000000, 1, 0, '2024-04-06 15:11:06', '2024-04-06 15:11:06'),
(74, 74, NULL, 5000000, 5000000, 1, 0, '2024-04-06 15:16:43', '2024-04-06 15:16:43'),
(75, 75, NULL, 120000000, 120000000, 1, 0, '2024-04-06 15:18:02', '2024-04-06 15:18:02'),
(76, 76, NULL, 30000000, 30000000, 1, 0, '2024-04-06 15:18:30', '2024-04-06 15:18:30'),
(77, 77, NULL, 42000000, 42000000, 1, 0, '2024-04-06 15:19:33', '2024-04-06 15:19:33'),
(78, 78, NULL, 26000000, 26000000, 1, 0, '2024-04-06 15:20:38', '2024-04-06 15:20:38'),
(79, 79, NULL, 65000000, 65000000, 1, 0, '2024-04-06 15:21:50', '2024-04-06 15:21:50'),
(80, 80, NULL, 12000000, 12000000, 1, 0, '2024-04-06 15:23:05', '2024-04-06 15:23:05'),
(81, 81, NULL, 25000000, 25000000, 1, 0, '2024-04-06 15:24:11', '2024-04-06 15:24:11'),
(82, 82, NULL, 144000000, 144000000, 1, 0, '2024-04-06 15:24:46', '2024-04-06 15:24:46'),
(83, 83, NULL, 25000000, 25000000, 1, 0, '2024-04-06 15:25:19', '2024-04-06 15:25:19'),
(84, 84, NULL, 25000000, 25000000, 1, 0, '2024-04-06 15:26:53', '2024-04-06 15:26:53'),
(85, 85, NULL, 30000000, 30000000, 1, 0, '2024-04-06 15:28:00', '2024-04-06 15:28:00'),
(86, 86, NULL, 136000000, 136000000, 1, 0, '2024-04-06 15:28:32', '2024-04-06 15:28:32'),
(87, 87, NULL, 12000000, 12000000, 1, 0, '2024-04-06 15:29:14', '2024-04-06 15:29:14'),
(88, 88, NULL, 30000000, 30000000, 1, 0, '2024-04-06 15:30:04', '2024-04-06 15:30:04'),
(89, 89, NULL, 30000000, 30000000, 1, 0, '2024-04-06 15:31:12', '2024-04-06 15:31:12'),
(90, 90, NULL, 30000000, 30000000, 1, 0, '2024-04-06 15:31:59', '2024-04-06 15:31:59'),
(91, 91, NULL, 64000000, 64000000, 1, 0, '2024-04-06 15:33:57', '2024-04-06 15:33:57'),
(92, 92, NULL, 34500000, 34500000, 1, 0, '2024-04-06 15:34:42', '2024-04-06 15:34:42'),
(93, 93, NULL, 150000000, 150000000, 1, 0, '2024-04-06 15:35:48', '2024-04-06 15:35:48'),
(94, 94, NULL, 36000000, 36000000, 1, 0, '2024-04-06 15:36:28', '2024-04-06 15:36:28'),
(95, 95, NULL, 50000000, 50000000, 1, 0, '2024-04-06 15:37:10', '2024-04-06 15:37:10'),
(96, 96, NULL, 50000000, 50000000, 1, 0, '2024-04-06 15:37:59', '2024-04-06 15:37:59'),
(97, 97, NULL, 50000000, 50000000, 1, 0, '2024-04-06 15:39:37', '2024-04-06 15:39:37'),
(98, 98, NULL, 100000000, 100000000, 1, 0, '2024-04-06 15:40:12', '2024-04-06 15:40:12'),
(99, 99, NULL, 225000000, 225000000, 1, 0, '2024-04-06 15:40:51', '2024-04-06 15:40:51'),
(100, 100, NULL, 165000000, 165000000, 1, 0, '2024-04-06 15:41:28', '2024-04-06 15:41:28');

-- --------------------------------------------------------

--
-- Table structure for table `order_customers`
--

CREATE TABLE `order_customers` (
  `id` bigint(20) UNSIGNED NOT NULL,
  `userId` bigint(20) NOT NULL,
  `name` varchar(255) NOT NULL,
  `phone` varchar(255) NOT NULL,
  `address` varchar(255) NOT NULL,
  `note` varchar(255) DEFAULT NULL,
  `created_at` timestamp NULL DEFAULT NULL,
  `updated_at` timestamp NULL DEFAULT NULL
) ENGINE=InnoDB DEFAULT CHARSET=utf8mb4 COLLATE=utf8mb4_unicode_ci;

--
-- Dumping data for table `order_customers`
--

INSERT INTO order_customers (id, userId, name, phone, address, note, created_at, updated_at) VALUES
(1, 1, 'Nguyễn Văn A', '01234567878', '123, abc', 'bỏ góc cây, cách 2m về phía bên phải tiền nằm dưới cục đá', '2023-11-15 05:10:06', '2023-11-18 06:05:54'),
(2, 1, 'Admin', '01234567878', '123, abc', 'Chỉ giao buổi sáng nha', '2023-11-26 03:44:09', '2023-11-26 04:05:17'),
(3, 1, 'Admin', '01234567878', '123,abc', NULL, '2023-11-26 04:17:44', '2023-11-26 04:21:58'),
(4, 1, 'Admin', '01234567878', '123 abc', NULL, '2023-12-10 04:40:11', '2023-12-10 04:40:11'),
(5, 1, 'xuanvien', '0862403630', '123 Tran Huy Lieu', NULL, '2023-12-10 04:40:11', '2023-12-10 04:40:11'),
(6, 1, 'xuanvien123', '86260282', '139 TRAN HUY LIẸU PHUONG 8 QUAN PHU NHUAN', NULL, '2024-04-06 09:14:03', '2024-04-06 09:16:33'),
(7, 8, 'Cường', '0987654321', 'Bình Thạnh', 'Products Cường 1', '2024-04-06 09:58:38', '2024-04-06 09:58:38'),
(8, 8, 'Cường Đô La', '0987654321', 'Bình Thạnh', 'Products Cường 2', '2024-04-06 09:59:47', '2024-04-06 09:59:47'),
(9, 8, 'Cường Đa Lô', '0987654321', 'Bình Thạnh', 'Products Cường 3', '2024-04-06 10:00:41', '2024-04-06 10:00:41'),
(10, 8, 'Cường K', '0987654321', 'Bình Thạnh', NULL, '2024-04-06 10:03:31', '2024-04-06 10:03:31'),
(11, 8, 'Cường Q', '0987654321', 'Bình Thạnh', 'Products Cường 5', '2024-04-06 10:04:14', '2024-04-06 10:04:14'),
(12, 8, 'Cường T', '0987654321', 'Bình Thạnh', 'Products Cường 4', '2024-04-06 10:04:41', '2024-04-06 10:04:41'),
(13, 8, 'Cường Y', '0987654321', 'Bình Thạnh', 'Products Cường 6', '2024-04-06 10:07:03', '2024-04-06 10:07:03'),
(14, 8, 'Cường B', '0987654321', 'Bình Thạnh', 'Products Cường 7', '2024-04-06 10:07:47', '2024-04-06 10:07:47'),
(15, 8, 'Cường A', '0987654321', 'Bình Thạnh', 'Products Cường 8', '2024-04-06 10:08:42', '2024-04-06 10:08:42'),
(16, 8, 'Cường N', '0987654321', 'Bình Thạnh', 'Products Cường 9', '2024-04-06 10:09:32', '2024-04-06 10:09:32'),
(17, 9, 'Viễn Q', '0987654321', 'Phú Nhuận', 'Products Viễn 1', '2024-04-06 10:11:19', '2024-04-06 10:11:19'),
(18, 9, 'Viễn', '0987654321', 'Phú Nhuận', 'Products Viễn 2', '2024-04-06 10:11:54', '2024-04-06 10:11:54'),
(19, 9, 'Viễn T', '0325476981', 'Phú Nhuận', 'Products Viễn 3', '2024-04-06 10:14:34', '2024-04-06 10:14:34'),
(20, 9, 'Viễn', '0325476981', 'Phú Nhuận', 'Products Viễn 4', '2024-04-06 10:15:15', '2024-04-06 10:15:15'),
(21, 9, 'Viễn V', '0325476981', 'Phú Nhuận', 'Products Viễn 5', '2024-04-06 10:15:56', '2024-04-06 10:15:56'),
(22, 9, 'Viễn C', '0325476981', 'Phú Nhuận', 'Products Viễn 6', '2024-04-06 10:17:46', '2024-04-06 10:17:46'),
(23, 9, 'Viễn', '0325476981', 'Phú Nhuận', 'Products Viễn 7', '2024-04-06 10:18:19', '2024-04-06 10:18:19'),
(24, 9, 'Viễn D', '0325476981', 'Phú Nhuận', 'Products Viễn 8', '2024-04-06 10:19:18', '2024-04-06 10:19:18'),
(25, 9, 'Viễn Z', '0325476981', 'Phú Nhuận', 'Products Viễn 9', '2024-04-06 10:19:52', '2024-04-06 10:19:52'),
(26, 9, 'Viễn N', '0325476981', 'Phú Nhuận', 'Products Viễn 10', '2024-04-06 10:20:29', '2024-04-06 10:20:29'),
(27, 10, 'Trường W', '0357973617', 'Buôn Ma Thuột', 'Products Trường 1', '2024-04-06 10:23:56', '2024-04-06 10:23:56'),
(28, 10, 'Trường Q', '0357973617', 'Buôn Ma Thuột', 'Products Trường 2', '2024-04-06 10:24:35', '2024-04-06 10:24:35'),
(29, 10, 'Trường R', '0357973617', 'Buôn Ma Thuột', 'Products Trường 3', '2024-04-06 10:25:05', '2024-04-06 10:25:05'),
(30, 10, 'Trường Y', '0357973617', 'Buôn Ma Thuột', 'Products Trường 4', '2024-04-06 10:26:03', '2024-04-06 10:26:03'),
(31, 10, 'Trường U', '0357973617', 'Buôn Ma Thuột', 'Products Trường 5', '2024-04-06 10:26:37', '2024-04-06 10:26:37'),
(32, 10, 'Trường S', '0357973617', 'Buôn Ma Thuột', '6', '2024-04-06 10:27:13', '2024-04-06 10:27:13'),
(33, 10, 'Trường H', '0357973617', 'Buôn Ma Thuột', 'Products Trường 7', '2024-04-06 10:27:53', '2024-04-06 10:27:53'),
(34, 10, 'Trường B', '0357973617', 'Buôn Ma Thuột', 'Products Trường 8', '2024-04-06 10:28:21', '2024-04-06 10:28:21'),
(35, 10, 'Trường  J', '0357973617', 'Buôn Ma Thuột', 'Products Trường 9', '2024-04-06 10:28:58', '2024-04-06 10:28:58'),
(36, 10, 'Trường N', '0357973617', 'Buôn Ma Thuột', 'Products Trường 10', '2024-04-06 10:29:41', '2024-04-06 10:29:41'),
(37, 11, 'Đạt Q', '0896745231', 'Đắk Lắk', 'Products Đạt 1', '2024-04-06 10:32:27', '2024-04-06 10:32:27'),
(38, 11, 'Đạt W', '0896745231', 'Đắk Lắk', 'Products Đạt 2', '2024-04-06 10:33:00', '2024-04-06 10:33:00'),
(39, 11, 'Đạt E', '0896745231', 'Đắk Lắk', 'Products Đạt 3', '2024-04-06 10:33:56', '2024-04-06 10:33:56'),
(40, 11, 'Đạt R', '0896745231', 'Đắk Lắk', 'Products Đạt 4', '2024-04-06 10:34:26', '2024-04-06 10:34:26'),
(41, 11, 'Đạt A', '0896745231', 'Đắk Lắk', 'Products Đạt 5', '2024-04-06 10:35:01', '2024-04-06 10:35:01'),
(42, 11, 'Đạt D', '0896745231', 'Đắk Lắk', 'Products Đạt 6', '2024-04-06 10:35:30', '2024-04-06 10:35:30'),
(43, 11, 'Đạt F', '0896745231', 'Đắk Lắk', '7', '2024-04-06 10:36:10', '2024-04-06 10:36:10'),
(44, 11, 'Đạt B', '0896745231', 'Đắk Lắk', 'Products Đạt 8', '2024-04-06 10:37:17', '2024-04-06 10:37:17'),
(45, 11, 'Đạt K', '0325476981', 'Đắk Lắk', 'Products Đạt 9', '2024-04-06 10:37:59', '2024-04-06 10:37:59'),
(46, 11, 'Đạt G', '0896745231', 'Đắk Lắk', 'Products Đạt 10', '2024-04-06 10:38:27', '2024-04-06 10:38:27'),
(47, 12, 'Trác', '0123789456', 'Quy Nhơn', 'Products Trác 1', '2024-04-06 14:45:15', '2024-04-06 14:45:15'),
(48, 12, 'Trác', '0123789456', 'Quy Nhơn', 'Products Trác 2', '2024-04-06 14:46:09', '2024-04-06 14:46:09'),
(49, 12, 'Trác', '0123789456', 'Quy Nhơn', 'Products Trác 3', '2024-04-06 14:47:23', '2024-04-06 14:47:23'),
(50, 12, 'Trác', '0123789456', 'Quy Nhơn', 'Products Trác 4', '2024-04-06 14:48:03', '2024-04-06 14:48:03'),
(51, 12, 'Trác', '0123789456', 'Quy Nhơn', 'Products Trác 5', '2024-04-06 14:48:52', '2024-04-06 14:48:52'),
(52, 12, 'Trác', '0123789456', 'Quy Nhơn', 'Products Trác 6', '2024-04-06 14:49:34', '2024-04-06 14:49:34'),
(53, 12, 'Trác', '0123789456', 'Quy Nhơn', 'Products Trác 7', '2024-04-06 14:50:17', '2024-04-06 14:50:17'),
(54, 12, 'Trác', '0123789456', 'Quy Nhơn', 'Products Trác 8', '2024-04-06 14:51:34', '2024-04-06 14:51:34'),
(55, 12, 'Trác', '0123789456', 'Quy Nhơn', 'Products Trác 9', '2024-04-06 14:52:42', '2024-04-06 14:52:42'),
(56, 12, 'Trác', '0325476981', 'Quy Nhơn', 'Products Trác 10', '2024-04-06 14:53:28', '2024-04-06 14:53:28'),
(57, 10, 'Trường', '0357973617', 'Đắk Lắk', 'Products Trường 1', '2024-04-06 14:56:20', '2024-04-06 14:56:20'),
(58, 10, 'Trường', '0357973617', 'Đắk Lắk', 'Products Trường 2', '2024-04-06 14:57:49', '2024-04-06 14:57:49'),
(59, 10, 'Trường', '0357973617', 'Đắk Lắk', 'Products Trường 3', '2024-04-06 14:58:41', '2024-04-06 14:58:41'),
(60, 10, 'Trường', '0357973617', 'Đắk Lắk', 'Products Trường 4', '2024-04-06 14:59:52', '2024-04-06 14:59:52'),
(61, 10, 'Trường', '0357973617', 'Đắk Lắk', 'Products Trường 5', '2024-04-06 15:00:26', '2024-04-06 15:00:26'),
(62, 10, 'Trường', '0357973617', 'Đắk Lắk', 'Products Trường 6', '2024-04-06 15:01:12', '2024-04-06 15:01:12'),
(63, 10, 'Trường', '0357973617', 'Bình Thạnh', 'Products Trường 7', '2024-04-06 15:02:10', '2024-04-06 15:02:10'),
(64, 10, 'Trường', '0357973617', 'Bình Thạnh', 'Products Trường 8', '2024-04-06 15:02:56', '2024-04-06 15:02:56'),
(65, 10, 'Trường', '0357973617', 'Bình Thạnh', 'Products Trường 9', '2024-04-06 15:03:43', '2024-04-06 15:03:43'),
(66, 10, 'Trường S', '0987654321', 'Nha Trang', NULL, '2024-04-06 15:04:57', '2024-04-06 15:04:57'),
(67, 10, 'Trường', '0357973617', 'Quy Nhơn', 'Products Trường 10', '2024-04-06 15:06:07', '2024-04-06 15:06:07'),
(68, 10, 'Trường', '0987654321', 'Quy Nhơn', 'Products Trường 11', '2024-04-06 15:07:08', '2024-04-06 15:07:08'),
(69, 10, 'Trường', '0357973617', 'Phú Nhuận', 'Products Trường 12', '2024-04-06 15:07:52', '2024-04-06 15:07:52'),
(70, 10, 'Trường', '0325476981', 'Bình Thạnh', 'Products Trường 13', '2024-04-06 15:08:42', '2024-04-06 15:08:42'),
(71, 10, 'Trường', '0123789456', 'Phú Nhuận', 'Products Trường 14', '2024-04-06 15:09:29', '2024-04-06 15:09:29'),
(72, 10, 'Trường', '0896745231', 'Đắk Lắk', 'Products Trường 15', '2024-04-06 15:10:09', '2024-04-06 15:10:09'),
(73, 10, 'Trường', '0357973617', 'Buôn Ma Thuột', 'Products Trường 16', '2024-04-06 15:11:06', '2024-04-06 15:11:06'),
(74, 13, 'Bảo', '0896745231', 'Nha Trang', NULL, '2024-04-06 15:16:43', '2024-04-06 15:16:43'),
(75, 13, 'Bảo', '0987654321', 'Nha Trang', 'Products Bảo', '2024-04-06 15:18:02', '2024-04-06 15:18:02'),
(76, 13, 'Bảo', '0987654321', 'Nha Trang', 'Bảo', '2024-04-06 15:18:30', '2024-04-06 15:18:30'),
(77, 13, 'Bảo', '0987654321', 'Nha Trang', 'Products Bảo', '2024-04-06 15:19:33', '2024-04-06 15:19:33'),
(78, 13, 'Bảo', '0987654321', 'Nha Trang', NULL, '2024-04-06 15:20:38', '2024-04-06 15:20:38'),
(79, 13, 'Bảo', '0987654321', 'Nha Trang', 'Products Bảo', '2024-04-06 15:21:50', '2024-04-06 15:21:50'),
(80, 13, 'Bảo', '0987654321', 'Nha Trang', 'Products Bảo', '2024-04-06 15:23:05', '2024-04-06 15:23:05'),
(81, 13, 'Bảo', '0123789456', 'Bình Thạnh', 'Products Bảo 1', '2024-04-06 15:24:11', '2024-04-06 15:24:11'),
(82, 13, 'Bảo', '0325476981', 'Bình Thạnh', NULL, '2024-04-06 15:24:46', '2024-04-06 15:24:46'),
(83, 13, 'Bảo', '0123789456', 'Bình Thạnh', 'Products Bảo 3', '2024-04-06 15:25:19', '2024-04-06 15:25:19'),
(84, 13, 'Bảo', '0896745231', 'Bình Thạnh', 'Products Bảo 4', '2024-04-06 15:26:53', '2024-04-06 15:26:53'),
(85, 13, 'Bảo', '0325476981', 'Bình Thạnh', 'Products Bảo 5', '2024-04-06 15:28:00', '2024-04-06 15:28:00'),
(86, 13, 'Bảo', '0123789456', 'Bình Thạnh', 'Products Bảo 6', '2024-04-06 15:28:32', '2024-04-06 15:28:32'),
(87, 13, 'Bảo', '0896745231', 'Bình Thạnh', 'Products Bảo 7', '2024-04-06 15:29:14', '2024-04-06 15:29:14'),
(88, 13, 'Bảo', '0325476981', 'Bình Thạnh', 'Products Bảo 8', '2024-04-06 15:30:04', '2024-04-06 15:30:04'),
(89, 13, 'Bảo', '0123789456', 'Bình Thạnh', 'Products Bảo 9', '2024-04-06 15:31:12', '2024-04-06 15:31:12'),
(90, 13, 'Bảo', '0987654321', 'Bình Thạnh', 'Products Bảo 10', '2024-04-06 15:31:59', '2024-04-06 15:31:59'),
(91, 14, 'Hoàng', '0123789456', 'Nha Trang', 'Products Hoàng 1', '2024-04-06 15:33:57', '2024-04-06 15:33:57'),
(92, 14, 'Hoàng', '0123789456', 'Nha Trang', 'Products Hoàng 2', '2024-04-06 15:34:42', '2024-04-06 15:34:42'),
(93, 14, 'Hoàng', '0123789456', 'Nha Trang', 'Products Hoàng 3', '2024-04-06 15:35:48', '2024-04-06 15:35:48'),
(94, 14, 'Hoàng', '0123789456', 'Nha Trang', 'Products Hoàng 4', '2024-04-06 15:36:28', '2024-04-06 15:36:28'),
(95, 14, 'Hoàng', '0123789456', 'Nha Trang', 'Products Hoàng 5', '2024-04-06 15:37:10', '2024-04-06 15:37:10'),
(96, 14, 'Hoàng', '0123789456', 'Nha Trang', 'Products Hoàng 6', '2024-04-06 15:37:59', '2024-04-06 15:37:59'),
(97, 14, 'Hoàng', '0325476981', 'Bình Thạnh', 'Products Hoàng 7', '2024-04-06 15:39:37', '2024-04-06 15:39:37'),
(98, 14, 'Hoàng', '0896745231', 'Bình Thạnh', 'Products Hoàng 8', '2024-04-06 15:40:12', '2024-04-06 15:40:12'),
(99, 14, 'Hoàng', '0896745231', 'Nha Trang', 'Products Hoàng 9', '2024-04-06 15:40:51', '2024-04-06 15:40:51'),
(100, 14, 'Hoàng', '0123789456', 'Bình Thạnh', 'Products Hoàng 10', '2024-04-06 15:41:28', '2024-04-06 15:41:28');

-- --------------------------------------------------------

--
-- Table structure for table `order_details`
--

CREATE TABLE `order_details` (
  `id` bigint(20) UNSIGNED NOT NULL,
  `orderId` bigint(20) UNSIGNED NOT NULL,
  `proId` bigint(20) UNSIGNED NOT NULL,
  `qtyBuy` int(11) NOT NULL,
  `price` double NOT NULL,
  `created_at` timestamp NULL DEFAULT NULL,
  `updated_at` timestamp NULL DEFAULT NULL
) ENGINE=InnoDB DEFAULT CHARSET=utf8mb4 COLLATE=utf8mb4_unicode_ci;

--
-- Dumping data for table `order_details`
--

INSERT INTO order_details (id, orderId, proId, qtyBuy, price, created_at, updated_at) VALUES
(1, 1, 11, 1, 35000000, '2023-11-15 05:10:06', '2023-11-15 05:10:06'),
(2, 1, 9, 1, 350000, '2023-11-15 05:10:06', '2023-11-15 05:10:06'),
(3, 2, 7, 2, 150000, '2023-11-26 03:44:09', '2023-11-26 03:44:09'),
(4, 3, 4, 1, 250000, '2023-11-26 04:17:44', '2023-11-26 04:17:44'),
(5, 4, 10, 2, 30000000, '2023-12-10 04:40:11', '2023-12-10 04:40:11'),
(6, 6, 201, 1, 5000000, '2024-04-06 09:14:03', '2024-04-06 09:14:03'),
(7, 7, 23, 1, 10000000, '2024-04-06 09:58:38', '2024-04-06 09:58:38'),
(8, 7, 22, 1, 18000000, '2024-04-06 09:58:38', '2024-04-06 09:58:38'),
(9, 8, 136, 1, 55000000, '2024-04-06 09:59:47', '2024-04-06 09:59:47'),
(10, 8, 21, 1, 2500000, '2024-04-06 09:59:47', '2024-04-06 09:59:47'),
(11, 9, 145, 1, 4000000, '2024-04-06 10:00:41', '2024-04-06 10:00:41'),
(12, 9, 33, 1, 1800000, '2024-04-06 10:00:41', '2024-04-06 10:00:41'),
(13, 9, 20, 1, 12000000, '2024-04-06 10:00:41', '2024-04-06 10:00:41'),
(14, 10, 81, 1, 25000000, '2024-04-06 10:03:31', '2024-04-06 10:03:31'),
(15, 11, 203, 1, 3000000, '2024-04-06 10:04:14', '2024-04-06 10:04:14'),
(16, 12, 33, 1, 1800000, '2024-04-06 10:04:41', '2024-04-06 10:04:41'),
(17, 13, 11, 1, 34000000, '2024-04-06 10:07:03', '2024-04-06 10:07:03'),
(18, 14, 190, 1, 2000000, '2024-04-06 10:07:47', '2024-04-06 10:07:47'),
(19, 14, 150, 1, 9000000, '2024-04-06 10:07:47', '2024-04-06 10:07:47'),
(20, 15, 92, 1, 6000000, '2024-04-06 10:08:42', '2024-04-06 10:08:42'),
(21, 15, 192, 1, 12000000, '2024-04-06 10:08:42', '2024-04-06 10:08:42'),
(22, 15, 101, 1, 3500000, '2024-04-06 10:08:42', '2024-04-06 10:08:42'),
(23, 15, 147, 1, 10000000, '2024-04-06 10:08:42', '2024-04-06 10:08:42'),
(24, 16, 82, 1, 30000000, '2024-04-06 10:09:32', '2024-04-06 10:09:32'),
(25, 16, 84, 1, 25000000, '2024-04-06 10:09:32', '2024-04-06 10:09:32'),
(26, 17, 93, 1, 30000000, '2024-04-06 10:11:19', '2024-04-06 10:11:19'),
(27, 18, 157, 1, 3500000, '2024-04-06 10:11:54', '2024-04-06 10:11:54'),
(28, 18, 69, 1, 20000000, '2024-04-06 10:11:54', '2024-04-06 10:11:54'),
(29, 19, 209, 1, 3000000, '2024-04-06 10:14:34', '2024-04-06 10:14:34'),
(30, 19, 203, 1, 3000000, '2024-04-06 10:14:34', '2024-04-06 10:14:34'),
(31, 19, 145, 1, 4000000, '2024-04-06 10:14:34', '2024-04-06 10:14:34'),
(32, 20, 214, 1, 3500000, '2024-04-06 10:15:15', '2024-04-06 10:15:15'),
(33, 20, 126, 1, 5000000, '2024-04-06 10:15:15', '2024-04-06 10:15:15'),
(34, 21, 131, 1, 2000000, '2024-04-06 10:15:56', '2024-04-06 10:15:56'),
(35, 21, 74, 1, 3000000, '2024-04-06 10:15:56', '2024-04-06 10:15:56'),
(36, 21, 105, 1, 50000000, '2024-04-06 10:15:56', '2024-04-06 10:15:56'),
(37, 22, 110, 1, 45000000, '2024-04-06 10:17:46', '2024-04-06 10:17:46'),
(38, 23, 73, 1, 6000000, '2024-04-06 10:18:19', '2024-04-06 10:18:19'),
(39, 23, 80, 1, 28000000, '2024-04-06 10:18:19', '2024-04-06 10:18:19'),
(40, 24, 196, 1, 15000000, '2024-04-06 10:19:18', '2024-04-06 10:19:18'),
(41, 24, 195, 1, 12000000, '2024-04-06 10:19:18', '2024-04-06 10:19:18'),
(42, 24, 86, 1, 28000000, '2024-04-06 10:19:18', '2024-04-06 10:19:18'),
(43, 24, 201, 1, 5000000, '2024-04-06 10:19:18', '2024-04-06 10:19:18'),
(44, 25, 55, 1, 4500000, '2024-04-06 10:19:52', '2024-04-06 10:19:52'),
(45, 25, 53, 1, 32000000, '2024-04-06 10:19:52', '2024-04-06 10:19:52'),
(46, 26, 93, 1, 30000000, '2024-04-06 10:20:29', '2024-04-06 10:20:29'),
(47, 27, 20, 1, 12000000, '2024-04-06 10:23:56', '2024-04-06 10:23:56'),
(48, 27, 101, 1, 3500000, '2024-04-06 10:23:56', '2024-04-06 10:23:56'),
(49, 28, 203, 1, 3000000, '2024-04-06 10:24:35', '2024-04-06 10:24:35'),
(50, 28, 161, 1, 12000000, '2024-04-06 10:24:35', '2024-04-06 10:24:35'),
(51, 28, 195, 1, 12000000, '2024-04-06 10:24:35', '2024-04-06 10:24:35'),
(52, 29, 174, 1, 20000000, '2024-04-06 10:25:05', '2024-04-06 10:25:05'),
(53, 30, 23, 1, 10000000, '2024-04-06 10:26:03', '2024-04-06 10:26:03'),
(54, 30, 25, 1, 35000000, '2024-04-06 10:26:03', '2024-04-06 10:26:03'),
(55, 31, 167, 1, 30000000, '2024-04-06 10:26:37', '2024-04-06 10:26:37'),
(56, 32, 69, 1, 20000000, '2024-04-06 10:27:13', '2024-04-06 10:27:13'),
(57, 33, 70, 1, 35000000, '2024-04-06 10:27:53', '2024-04-06 10:27:53'),
(58, 33, 72, 1, 45000000, '2024-04-06 10:27:53', '2024-04-06 10:27:53'),
(59, 33, 78, 1, 40000000, '2024-04-06 10:27:53', '2024-04-06 10:27:53'),
(60, 34, 69, 1, 20000000, '2024-04-06 10:28:21', '2024-04-06 10:28:21'),
(61, 35, 112, 1, 25000000, '2024-04-06 10:28:58', '2024-04-06 10:28:58'),
(62, 36, 95, 1, 35000000, '2024-04-06 10:29:41', '2024-04-06 10:29:41'),
(63, 37, 93, 1, 30000000, '2024-04-06 10:32:27', '2024-04-06 10:32:27'),
(64, 38, 89, 1, 40000000, '2024-04-06 10:33:00', '2024-04-06 10:33:00'),
(65, 39, 150, 1, 9000000, '2024-04-06 10:33:56', '2024-04-06 10:33:56'),
(66, 39, 195, 1, 12000000, '2024-04-06 10:33:56', '2024-04-06 10:33:56'),
(67, 39, 145, 1, 4000000, '2024-04-06 10:33:56', '2024-04-06 10:33:56'),
(68, 40, 56, 1, 35000000, '2024-04-06 10:34:26', '2024-04-06 10:34:26'),
(69, 41, 176, 1, 30000000, '2024-04-06 10:35:01', '2024-04-06 10:35:01'),
(70, 42, 105, 1, 50000000, '2024-04-06 10:35:30', '2024-04-06 10:35:30'),
(71, 43, 110, 1, 45000000, '2024-04-06 10:36:10', '2024-04-06 10:36:10'),
(72, 44, 92, 1, 6000000, '2024-04-06 10:37:17', '2024-04-06 10:37:17'),
(73, 44, 119, 1, 12000000, '2024-04-06 10:37:17', '2024-04-06 10:37:17'),
(74, 45, 46, 1, 6000000, '2024-04-06 10:37:59', '2024-04-06 10:37:59'),
(75, 45, 97, 1, 28000000, '2024-04-06 10:37:59', '2024-04-06 10:37:59'),
(76, 46, 6, 1, 28000000, '2024-04-06 10:38:27', '2024-04-06 10:38:27'),
(77, 47, 94, 1, 4000000, '2024-04-06 14:45:15', '2024-04-06 14:45:15'),
(78, 48, 215, 1, 30000000, '2024-04-06 14:46:09', '2024-04-06 14:46:09'),
(79, 48, 203, 1, 3000000, '2024-04-06 14:46:09', '2024-04-06 14:46:09'),
(80, 49, 159, 1, 2000000, '2024-04-06 14:47:23', '2024-04-06 14:47:23'),
(81, 49, 161, 1, 12000000, '2024-04-06 14:47:23', '2024-04-06 14:47:23'),
(82, 49, 208, 1, 5000000, '2024-04-06 14:47:23', '2024-04-06 14:47:23'),
(83, 50, 202, 1, 20000000, '2024-04-06 14:48:03', '2024-04-06 14:48:03'),
(84, 51, 53, 1, 32000000, '2024-04-06 14:48:52', '2024-04-06 14:48:52'),
(85, 51, 177, 1, 40000000, '2024-04-06 14:48:52', '2024-04-06 14:48:52'),
(86, 52, 191, 1, 25000000, '2024-04-06 14:49:34', '2024-04-06 14:49:34'),
(87, 53, 150, 5, 9000000, '2024-04-06 14:50:17', '2024-04-06 14:50:17'),
(88, 54, 151, 1, 22000000, '2024-04-06 14:51:34', '2024-04-06 14:51:34'),
(89, 55, 170, 1, 25000000, '2024-04-06 14:52:42', '2024-04-06 14:52:42'),
(90, 55, 91, 1, 1500000, '2024-04-06 14:52:42', '2024-04-06 14:52:42'),
(91, 55, 33, 2, 1800000, '2024-04-06 14:52:42', '2024-04-06 14:52:42'),
(92, 55, 191, 1, 25000000, '2024-04-06 14:52:42', '2024-04-06 14:52:42'),
(93, 56, 196, 1, 15000000, '2024-04-06 14:53:28', '2024-04-06 14:53:28'),
(94, 56, 195, 1, 12000000, '2024-04-06 14:53:28', '2024-04-06 14:53:28'),
(95, 57, 190, 1, 2000000, '2024-04-06 14:56:20', '2024-04-06 14:56:20'),
(96, 57, 202, 2, 20000000, '2024-04-06 14:56:20', '2024-04-06 14:56:20'),
(97, 57, 188, 1, 50000000, '2024-04-06 14:56:20', '2024-04-06 14:56:20'),
(98, 58, 53, 2, 32000000, '2024-04-06 14:57:49', '2024-04-06 14:57:49'),
(99, 58, 140, 1, 25000000, '2024-04-06 14:57:49', '2024-04-06 14:57:49'),
(100, 58, 135, 2, 50000000, '2024-04-06 14:57:49', '2024-04-06 14:57:49'),
(101, 58, 20, 1, 12000000, '2024-04-06 14:57:49', '2024-04-06 14:57:49'),
(102, 58, 117, 2, 60000000, '2024-04-06 14:57:49', '2024-04-06 14:57:49'),
(103, 58, 105, 1, 50000000, '2024-04-06 14:57:49', '2024-04-06 14:57:49'),
(104, 58, 72, 1, 45000000, '2024-04-06 14:57:49', '2024-04-06 14:57:49'),
(105, 59, 190, 1, 2000000, '2024-04-06 14:58:41', '2024-04-06 14:58:41'),
(106, 59, 188, 1, 50000000, '2024-04-06 14:58:41', '2024-04-06 14:58:41'),
(107, 60, 47, 1, 8000000, '2024-04-06 14:59:52', '2024-04-06 14:59:52'),
(108, 60, 50, 1, 30000000, '2024-04-06 14:59:52', '2024-04-06 14:59:52'),
(109, 60, 51, 1, 28000000, '2024-04-06 14:59:52', '2024-04-06 14:59:52'),
(110, 60, 57, 1, 15000000, '2024-04-06 14:59:52', '2024-04-06 14:59:52'),
(111, 60, 29, 1, 40000000, '2024-04-06 14:59:52', '2024-04-06 14:59:52'),
(112, 61, 110, 1, 45000000, '2024-04-06 15:00:26', '2024-04-06 15:00:26'),
(113, 62, 39, 1, 32000000, '2024-04-06 15:01:12', '2024-04-06 15:01:12'),
(114, 62, 37, 1, 40000000, '2024-04-06 15:01:12', '2024-04-06 15:01:12'),
(115, 63, 53, 1, 32000000, '2024-04-06 15:02:10', '2024-04-06 15:02:10'),
(116, 64, 215, 1, 30000000, '2024-04-06 15:02:56', '2024-04-06 15:02:56'),
(117, 65, 70, 1, 35000000, '2024-04-06 15:03:43', '2024-04-06 15:03:43'),
(118, 65, 50, 1, 30000000, '2024-04-06 15:03:43', '2024-04-06 15:03:43'),
(119, 66, 84, 1, 25000000, '2024-04-06 15:04:57', '2024-04-06 15:04:57'),
(120, 66, 129, 1, 35000000, '2024-04-06 15:04:57', '2024-04-06 15:04:57'),
(121, 67, 84, 1, 25000000, '2024-04-06 15:06:07', '2024-04-06 15:06:07'),
(122, 68, 93, 1, 30000000, '2024-04-06 15:07:08', '2024-04-06 15:07:08'),
(123, 69, 103, 1, 30000000, '2024-04-06 15:07:52', '2024-04-06 15:07:52'),
(124, 70, 101, 1, 3500000, '2024-04-06 15:08:42', '2024-04-06 15:08:42'),
(125, 71, 33, 1, 1800000, '2024-04-06 15:09:29', '2024-04-06 15:09:29'),
(126, 71, 20, 1, 12000000, '2024-04-06 15:09:29', '2024-04-06 15:09:29'),
(127, 72, 161, 4, 12000000, '2024-04-06 15:10:09', '2024-04-06 15:10:09'),
(128, 73, 53, 80, 32000000, '2024-04-06 15:11:06', '2024-04-06 15:11:06'),
(129, 74, 201, 1, 5000000, '2024-04-06 15:16:43', '2024-04-06 15:16:43'),
(130, 75, 195, 10, 12000000, '2024-04-06 15:18:02', '2024-04-06 15:18:02'),
(131, 76, 93, 1, 30000000, '2024-04-06 15:18:30', '2024-04-06 15:18:30'),
(132, 77, 20, 1, 12000000, '2024-04-06 15:19:33', '2024-04-06 15:19:33'),
(133, 77, 103, 1, 30000000, '2024-04-06 15:19:33', '2024-04-06 15:19:33'),
(134, 78, 20, 1, 12000000, '2024-04-06 15:20:38', '2024-04-06 15:20:38'),
(135, 78, 26, 1, 14000000, '2024-04-06 15:20:38', '2024-04-06 15:20:38'),
(136, 79, 81, 1, 25000000, '2024-04-06 15:21:50', '2024-04-06 15:21:50'),
(137, 79, 168, 10, 4000000, '2024-04-06 15:21:50', '2024-04-06 15:21:50'),
(138, 80, 209, 4, 3000000, '2024-04-06 15:23:05', '2024-04-06 15:23:05'),
(139, 81, 81, 1, 25000000, '2024-04-06 15:24:11', '2024-04-06 15:24:11'),
(140, 82, 119, 12, 12000000, '2024-04-06 15:24:46', '2024-04-06 15:24:46'),
(141, 83, 84, 1, 25000000, '2024-04-06 15:25:19', '2024-04-06 15:25:19'),
(142, 84, 84, 1, 25000000, '2024-04-06 15:26:53', '2024-04-06 15:26:53'),
(143, 85, 215, 1, 30000000, '2024-04-06 15:28:00', '2024-04-06 15:28:00'),
(144, 86, 11, 4, 34000000, '2024-04-06 15:28:32', '2024-04-06 15:28:32'),
(145, 87, 92, 2, 6000000, '2024-04-06 15:29:14', '2024-04-06 15:29:14'),
(146, 88, 167, 1, 30000000, '2024-04-06 15:30:04', '2024-04-06 15:30:04'),
(147, 89, 196, 2, 15000000, '2024-04-06 15:31:12', '2024-04-06 15:31:12'),
(148, 90, 176, 1, 30000000, '2024-04-06 15:31:59', '2024-04-06 15:31:59'),
(149, 91, 145, 1, 4000000, '2024-04-06 15:33:57', '2024-04-06 15:33:57'),
(150, 91, 195, 5, 12000000, '2024-04-06 15:33:57', '2024-04-06 15:33:57'),
(151, 92, 92, 1, 6000000, '2024-04-06 15:34:42', '2024-04-06 15:34:42'),
(152, 92, 141, 1, 3500000, '2024-04-06 15:34:42', '2024-04-06 15:34:42'),
(153, 92, 140, 1, 25000000, '2024-04-06 15:34:42', '2024-04-06 15:34:42'),
(154, 93, 167, 5, 30000000, '2024-04-06 15:35:48', '2024-04-06 15:35:48'),
(155, 94, 20, 3, 12000000, '2024-04-06 15:36:28', '2024-04-06 15:36:28'),
(156, 95, 69, 1, 20000000, '2024-04-06 15:37:10', '2024-04-06 15:37:10'),
(157, 95, 103, 1, 30000000, '2024-04-06 15:37:10', '2024-04-06 15:37:10'),
(158, 96, 84, 2, 25000000, '2024-04-06 15:37:59', '2024-04-06 15:37:59'),
(159, 97, 188, 1, 50000000, '2024-04-06 15:39:37', '2024-04-06 15:39:37'),
(160, 98, 170, 4, 25000000, '2024-04-06 15:40:12', '2024-04-06 15:40:12'),
(161, 99, 67, 5, 45000000, '2024-04-06 15:40:51', '2024-04-06 15:40:51'),
(162, 100, 82, 3, 30000000, '2024-04-06 15:41:28', '2024-04-06 15:41:28'),
(163, 100, 84, 3, 25000000, '2024-04-06 15:41:28', '2024-04-06 15:41:28');

-- --------------------------------------------------------

--
-- Table structure for table `permissions`
--

CREATE TABLE `permissions` (
  `id` bigint(20) UNSIGNED NOT NULL,
  `name` varchar(255) NOT NULL,
  `display_name` varchar(255) NOT NULL,
  `parent_id` bigint(20) DEFAULT NULL,
  `key_code` varchar(255) DEFAULT NULL,
  `created_at` timestamp NULL DEFAULT NULL,
  `updated_at` timestamp NULL DEFAULT NULL
) ENGINE=InnoDB DEFAULT CHARSET=utf8mb4 COLLATE=utf8mb4_unicode_ci;

--
-- Dumping data for table `permissions`
--

INSERT INTO `permissions` (`id`, `name`, `display_name`, `parent_id`, `key_code`, `created_at`, `updated_at`) VALUES
(1, 'dashboard', 'Tổng quan', NULL, NULL, '2023-11-16 10:17:52', '2023-11-16 10:17:52'),
(2, 'list', 'list', 1, 'list_dashboard', '2023-11-16 10:17:52', '2023-11-16 10:17:52'),
(3, 'add', 'add', 1, 'add_dashboard', '2023-11-16 10:17:52', '2023-11-16 10:17:52'),
(4, 'edit', 'edit', 1, 'edit_dashboard', '2023-11-16 10:17:52', '2023-11-16 10:17:52'),
(5, 'delete', 'delete', 1, 'delete_dashboard', '2023-11-16 10:17:52', '2023-11-16 10:17:52'),
(6, 'category', 'Thể loại', NULL, NULL, '2023-11-16 10:17:57', '2023-11-16 10:17:57'),
(7, 'list', 'list', 6, 'list_category', '2023-11-16 10:17:57', '2023-11-16 10:17:57'),
(8, 'add', 'add', 6, 'add_category', '2023-11-16 10:17:57', '2023-11-16 10:17:57'),
(9, 'edit', 'edit', 6, 'edit_category', '2023-11-16 10:17:57', '2023-11-16 10:17:57'),
(10, 'delete', 'delete', 6, 'delete_category', '2023-11-16 10:17:57', '2023-11-16 10:17:57'),
(11, 'product', 'Sản phẩm', NULL, NULL, '2023-11-16 10:18:00', '2023-11-16 10:18:00'),
(12, 'list', 'list', 11, 'list_product', '2023-11-16 10:18:00', '2023-11-16 10:18:00'),
(13, 'add', 'add', 11, 'add_product', '2023-11-16 10:18:00', '2023-11-16 10:18:00'),
(14, 'edit', 'edit', 11, 'edit_product', '2023-11-16 10:18:00', '2023-11-16 10:18:00'),
(15, 'delete', 'delete', 11, 'delete_product', '2023-11-16 10:18:00', '2023-11-16 10:18:00'),
(16, 'discount', 'Mã giảm giá', NULL, NULL, '2023-11-16 10:18:13', '2023-11-16 10:18:13'),
(17, 'list', 'list', 16, 'list_discount', '2023-11-16 10:18:13', '2023-11-16 10:18:13'),
(18, 'add', 'add', 16, 'add_discount', '2023-11-16 10:18:13', '2023-11-16 10:18:13'),
(19, 'edit', 'edit', 16, 'edit_discount', '2023-11-16 10:18:13', '2023-11-16 10:18:13'),
(20, 'delete', 'delete', 16, 'delete_discount', '2023-11-16 10:18:13', '2023-11-16 10:18:13'),
(21, 'slider', 'Slider', NULL, NULL, '2023-11-16 10:18:17', '2023-11-16 10:18:17'),
(22, 'list', 'list', 21, 'list_slider', '2023-11-16 10:18:18', '2023-11-16 10:18:18'),
(23, 'add', 'add', 21, 'add_slider', '2023-11-16 10:18:18', '2023-11-16 10:18:18'),
(24, 'edit', 'edit', 21, 'edit_slider', '2023-11-16 10:18:18', '2023-11-16 10:18:18'),
(25, 'delete', 'delete', 21, 'delete_slider', '2023-11-16 10:18:18', '2023-11-16 10:18:18'),
(26, 'user', 'Tài khoản', NULL, NULL, '2023-11-16 10:18:22', '2023-11-16 10:18:22'),
(27, 'list', 'list', 26, 'list_user', '2023-11-16 10:18:22', '2023-11-16 10:18:22'),
(28, 'add', 'add', 26, 'add_user', '2023-11-16 10:18:22', '2023-11-16 10:18:22'),
(29, 'edit', 'edit', 26, 'edit_user', '2023-11-16 10:18:22', '2023-11-16 10:18:22'),
(30, 'delete', 'delete', 26, 'delete_user', '2023-11-16 10:18:22', '2023-11-16 10:18:22'),
(31, 'role', 'Tài khoản (Phân Quyền)', NULL, NULL, '2023-11-16 10:18:38', '2023-11-16 10:18:38'),
(32, 'list', 'list', 31, 'list_role', '2023-11-16 10:18:38', '2023-11-16 10:18:38'),
(33, 'add', 'add', 31, 'add_role', '2023-11-16 10:18:38', '2023-11-16 10:18:38'),
(34, 'edit', 'edit', 31, 'edit_role', '2023-11-16 10:18:38', '2023-11-16 10:18:38'),
(35, 'delete', 'delete', 31, 'delete_role', '2023-11-16 10:18:38', '2023-11-16 10:18:38'),
(36, 'post', 'Bài Viết', NULL, NULL, '2023-11-16 10:18:43', '2023-11-16 10:18:43'),
(37, 'list', 'list', 36, 'list_post', '2023-11-16 10:18:43', '2023-11-16 10:18:43'),
(38, 'add', 'add', 36, 'add_post', '2023-11-16 10:18:43', '2023-11-16 10:18:43'),
(39, 'edit', 'edit', 36, 'edit_post', '2023-11-16 10:18:43', '2023-11-16 10:18:43'),
(40, 'delete', 'delete', 36, 'delete_post', '2023-11-16 10:18:43', '2023-11-16 10:18:43'),
(41, 'type', 'Thể Loại Bài Viết', NULL, NULL, '2023-11-16 10:18:46', '2023-11-16 10:18:46'),
(42, 'list', 'list', 41, 'list_type', '2023-11-16 10:18:46', '2023-11-16 10:18:46'),
(43, 'add', 'add', 41, 'add_type', '2023-11-16 10:18:46', '2023-11-16 10:18:46'),
(44, 'edit', 'edit', 41, 'edit_type', '2023-11-16 10:18:46', '2023-11-16 10:18:46'),
(45, 'delete', 'delete', 41, 'delete_type', '2023-11-16 10:18:46', '2023-11-16 10:18:46'),
(46, 'order', 'Đơn hàng', NULL, NULL, '2023-11-16 10:20:41', '2023-11-16 10:20:41'),
(47, 'list', 'list', 46, 'list_order', '2023-11-16 10:20:41', '2023-11-16 10:20:41'),
(48, 'add', 'add', 46, 'add_order', '2023-11-16 10:20:41', '2023-11-16 10:20:41'),
(49, 'edit', 'edit', 46, 'edit_order', '2023-11-16 10:20:41', '2023-11-16 10:20:41'),
(50, 'delete', 'delete', 46, 'delete_order', '2023-11-16 10:20:41', '2023-11-16 10:20:41'),
(51, 'pdf', 'pdf', 46, 'pdf_order', '2023-11-16 10:20:41', '2023-11-16 10:20:41'),
(52, 'import', 'Phiếu Nhập', NULL, NULL, '2023-11-16 10:20:45', '2023-11-16 10:20:45'),
(53, 'list', 'list', 52, 'list_import', '2023-11-16 10:20:45', '2023-11-16 10:20:45'),
(54, 'add', 'add', 52, 'add_import', '2023-11-16 10:20:45', '2023-11-16 10:20:45'),
(55, 'edit', 'edit', 52, 'edit_import', '2023-11-16 10:20:45', '2023-11-16 10:20:45'),
(56, 'delete', 'delete', 52, 'delete_import', '2023-11-16 10:20:45', '2023-11-16 10:20:45'),
(57, 'pdf', 'pdf', 52, 'pdf_import', '2023-11-16 10:20:45', '2023-11-16 10:20:45'),
(58, 'tag', 'Tags', NULL, NULL, '2023-11-26 03:05:02', '2023-11-26 03:05:02'),
(59, 'list', 'list', 58, 'list_tag', '2023-11-26 03:05:02', '2023-11-26 03:05:02'),
(60, 'add', 'add', 58, 'add_tag', '2023-11-26 03:05:02', '2023-11-26 03:05:02'),
(61, 'edit', 'edit', 58, 'edit_tag', '2023-11-26 03:05:02', '2023-11-26 03:05:02'),
(62, 'delete', 'delete', 58, 'delete_tag', '2023-11-26 03:05:02', '2023-11-26 03:05:02');

-- --------------------------------------------------------

--
-- Table structure for table `permission_role`
--

CREATE TABLE `permission_role` (
  `id` bigint(20) UNSIGNED NOT NULL,
  `role_id` bigint(20) UNSIGNED NOT NULL,
  `permission_id` bigint(20) UNSIGNED NOT NULL,
  `created_at` timestamp NULL DEFAULT NULL,
  `updated_at` timestamp NULL DEFAULT NULL
) ENGINE=InnoDB DEFAULT CHARSET=utf8mb4 COLLATE=utf8mb4_unicode_ci;

--
-- Dumping data for table `permission_role`
--

INSERT INTO `permission_role` (`id`, `role_id`, `permission_id`, `created_at`, `updated_at`) VALUES
(1, 1, 2, '2023-11-16 10:22:43', '2023-11-16 10:22:43'),
(2, 1, 3, '2023-11-16 10:22:43', '2023-11-16 10:22:43'),
(3, 1, 4, '2023-11-16 10:22:43', '2023-11-16 10:22:43'),
(4, 1, 5, '2023-11-16 10:22:43', '2023-11-16 10:22:43'),
(5, 1, 7, '2023-11-16 10:22:43', '2023-11-16 10:22:43'),
(6, 1, 8, '2023-11-16 10:22:43', '2023-11-16 10:22:43'),
(7, 1, 9, '2023-11-16 10:22:43', '2023-11-16 10:22:43'),
(8, 1, 10, '2023-11-16 10:22:43', '2023-11-16 10:22:43'),
(9, 1, 12, '2023-11-16 10:22:43', '2023-11-16 10:22:43'),
(10, 1, 13, '2023-11-16 10:22:43', '2023-11-16 10:22:43'),
(11, 1, 14, '2023-11-16 10:22:43', '2023-11-16 10:22:43'),
(12, 1, 15, '2023-11-16 10:22:43', '2023-11-16 10:22:43'),
(13, 1, 17, '2023-11-16 10:22:43', '2023-11-16 10:22:43'),
(14, 1, 18, '2023-11-16 10:22:43', '2023-11-16 10:22:43'),
(15, 1, 19, '2023-11-16 10:22:43', '2023-11-16 10:22:43'),
(16, 1, 20, '2023-11-16 10:22:43', '2023-11-16 10:22:43'),
(17, 1, 22, '2023-11-16 10:22:43', '2023-11-16 10:22:43'),
(18, 1, 23, '2023-11-16 10:22:43', '2023-11-16 10:22:43'),
(19, 1, 24, '2023-11-16 10:22:43', '2023-11-16 10:22:43'),
(20, 1, 25, '2023-11-16 10:22:43', '2023-11-16 10:22:43'),
(21, 1, 27, '2023-11-16 10:22:43', '2023-11-16 10:22:43'),
(22, 1, 28, '2023-11-16 10:22:43', '2023-11-16 10:22:43'),
(23, 1, 29, '2023-11-16 10:22:43', '2023-11-16 10:22:43'),
(24, 1, 30, '2023-11-16 10:22:43', '2023-11-16 10:22:43'),
(25, 1, 32, '2023-11-16 10:22:43', '2023-11-16 10:22:43'),
(26, 1, 33, '2023-11-16 10:22:43', '2023-11-16 10:22:43'),
(27, 1, 34, '2023-11-16 10:22:43', '2023-11-16 10:22:43'),
(28, 1, 35, '2023-11-16 10:22:43', '2023-11-16 10:22:43'),
(29, 1, 37, '2023-11-16 10:22:43', '2023-11-16 10:22:43'),
(30, 1, 38, '2023-11-16 10:22:43', '2023-11-16 10:22:43'),
(31, 1, 39, '2023-11-16 10:22:43', '2023-11-16 10:22:43'),
(32, 1, 40, '2023-11-16 10:22:43', '2023-11-16 10:22:43'),
(33, 1, 42, '2023-11-16 10:22:43', '2023-11-16 10:22:43'),
(34, 1, 43, '2023-11-16 10:22:43', '2023-11-16 10:22:43'),
(35, 1, 44, '2023-11-16 10:22:43', '2023-11-16 10:22:43'),
(36, 1, 45, '2023-11-16 10:22:43', '2023-11-16 10:22:43'),
(37, 1, 47, '2023-11-16 10:22:43', '2023-11-16 10:22:43'),
(38, 1, 48, '2023-11-16 10:22:43', '2023-11-16 10:22:43'),
(39, 1, 49, '2023-11-16 10:22:43', '2023-11-16 10:22:43'),
(40, 1, 50, '2023-11-16 10:22:43', '2023-11-16 10:22:43'),
(41, 1, 51, '2023-11-16 10:22:43', '2023-11-16 10:22:43'),
(42, 1, 53, '2023-11-16 10:22:43', '2023-11-16 10:22:43'),
(43, 1, 54, '2023-11-16 10:22:43', '2023-11-16 10:22:43'),
(44, 1, 55, '2023-11-16 10:22:43', '2023-11-16 10:22:43'),
(45, 1, 56, '2023-11-16 10:22:43', '2023-11-16 10:22:43'),
(46, 1, 57, '2023-11-16 10:22:43', '2023-11-16 10:22:43'),
(47, 3, 2, '2023-11-16 10:24:32', '2023-11-16 10:24:32'),
(48, 3, 4, '2023-11-16 10:24:32', '2023-11-16 10:24:32'),
(49, 3, 5, '2023-11-16 10:24:32', '2023-11-16 10:24:32'),
(50, 3, 7, '2023-11-16 10:24:32', '2023-11-16 10:24:32'),
(51, 3, 8, '2023-11-16 10:24:32', '2023-11-16 10:24:32'),
(52, 3, 9, '2023-11-16 10:24:32', '2023-11-16 10:24:32'),
(53, 3, 10, '2023-11-16 10:24:32', '2023-11-16 10:24:32'),
(54, 3, 12, '2023-11-16 10:24:32', '2023-11-16 10:24:32'),
(55, 3, 13, '2023-11-16 10:24:32', '2023-11-16 10:24:32'),
(56, 3, 14, '2023-11-16 10:24:32', '2023-11-16 10:24:32'),
(57, 3, 15, '2023-11-16 10:24:32', '2023-11-16 10:24:32'),
(58, 3, 17, '2023-11-16 10:24:32', '2023-11-16 10:24:32'),
(59, 3, 18, '2023-11-16 10:24:32', '2023-11-16 10:24:32'),
(60, 3, 19, '2023-11-16 10:24:32', '2023-11-16 10:24:32'),
(61, 3, 20, '2023-11-16 10:24:32', '2023-11-16 10:24:32'),
(62, 3, 22, '2023-11-16 10:24:32', '2023-11-16 10:24:32'),
(63, 3, 23, '2023-11-16 10:24:32', '2023-11-16 10:24:32'),
(64, 3, 24, '2023-11-16 10:24:32', '2023-11-16 10:24:32'),
(65, 3, 25, '2023-11-16 10:24:32', '2023-11-16 10:24:32'),
(66, 3, 27, '2023-11-16 10:24:32', '2023-11-16 10:24:32'),
(67, 3, 28, '2023-11-16 10:24:32', '2023-11-16 10:24:32'),
(68, 3, 29, '2023-11-16 10:24:32', '2023-11-16 10:24:32'),
(69, 3, 30, '2023-11-16 10:24:32', '2023-11-16 10:24:32'),
(70, 3, 32, '2023-11-16 10:24:32', '2023-11-16 10:24:32'),
(71, 3, 33, '2023-11-16 10:24:32', '2023-11-16 10:24:32'),
(72, 3, 34, '2023-11-16 10:24:32', '2023-11-16 10:24:32'),
(73, 3, 35, '2023-11-16 10:24:32', '2023-11-16 10:24:32'),
(74, 3, 37, '2023-11-16 10:24:32', '2023-11-16 10:24:32'),
(75, 3, 38, '2023-11-16 10:24:32', '2023-11-16 10:24:32'),
(76, 3, 39, '2023-11-16 10:24:32', '2023-11-16 10:24:32'),
(77, 3, 40, '2023-11-16 10:24:32', '2023-11-16 10:24:32'),
(78, 3, 42, '2023-11-16 10:24:32', '2023-11-16 10:24:32'),
(79, 3, 43, '2023-11-16 10:24:32', '2023-11-16 10:24:32'),
(80, 3, 44, '2023-11-16 10:24:32', '2023-11-16 10:24:32'),
(81, 3, 45, '2023-11-16 10:24:32', '2023-11-16 10:24:32'),
(82, 4, 12, '2023-11-16 10:24:57', '2023-11-16 10:24:57'),
(83, 4, 13, '2023-11-16 10:24:57', '2023-11-16 10:24:57'),
(84, 4, 14, '2023-11-16 10:24:57', '2023-11-16 10:24:57'),
(85, 4, 15, '2023-11-16 10:24:57', '2023-11-16 10:24:57'),
(86, 4, 17, '2023-11-16 10:24:57', '2023-11-16 10:24:57'),
(87, 4, 18, '2023-11-16 10:24:57', '2023-11-16 10:24:57'),
(88, 4, 19, '2023-11-16 10:24:57', '2023-11-16 10:24:57'),
(89, 4, 20, '2023-11-16 10:24:57', '2023-11-16 10:24:57'),
(90, 4, 22, '2023-11-16 10:24:57', '2023-11-16 10:24:57'),
(91, 4, 23, '2023-11-16 10:24:57', '2023-11-16 10:24:57'),
(92, 4, 24, '2023-11-16 10:24:57', '2023-11-16 10:24:57'),
(93, 4, 25, '2023-11-16 10:24:57', '2023-11-16 10:24:57'),
(94, 1, 59, '2023-11-26 03:05:24', '2023-11-26 03:05:24'),
(96, 1, 61, '2023-11-26 03:05:24', '2023-11-26 03:05:24'),
(97, 1, 62, '2023-11-26 03:05:24', '2023-11-26 03:05:24'),
(98, 1, 60, '2023-11-26 03:10:10', '2023-11-26 03:10:10');

-- --------------------------------------------------------

--
-- Table structure for table `phones`
--

CREATE TABLE `phones` (
  `id` bigint(20) UNSIGNED NOT NULL,
  `screen` float NOT NULL,
  `system` varchar(255) NOT NULL,
  `rear_camera` varchar(255) NOT NULL,
  `front_camera` varchar(255) NOT NULL,
  `chip` varchar(255) NOT NULL,
  `ram` int(11) NOT NULL,
  `rom` int(11) NOT NULL,
  `sim` varchar(255) NOT NULL,
  `pin` varchar(255) NOT NULL,
  `created_at` timestamp NULL DEFAULT NULL,
  `updated_at` timestamp NULL DEFAULT NULL
) ENGINE=InnoDB DEFAULT CHARSET=utf8mb4 COLLATE=utf8mb4_general_ci;

--
-- Dumping data for table `phones`
--

INSERT INTO `phones` (`id`, `screen`, `system`, `rear_camera`, `front_camera`, `chip`, `ram`, `rom`, `sim`, `pin`, `created_at`, `updated_at`) VALUES
(1, 6.7, 'Android 12', 'Chính 108 MP & Phụ 12 MP, 5 MP, 5 MP', '32 MP', 'Snapdragon 778G 5G', 8, 128, '2 Nano SIM (SIM 2 chung khe thẻ nhớ)Hỗ trợ 5G', '5000 mAh,25 W', '2023-07-07 09:49:57', '2023-07-07 10:38:00'),
(2, 6.4, 'Android 13', 'Chính 50 MP & Phụ 12 MP, 5 MP', '32 MP', 'Exynos 1380 8 nhân', 8, 256, '2 Nano SIMHỗ trợ 5G', '5000 mAh,25 W', '2023-07-07 09:53:58', '2023-07-07 09:53:58'),
(3, 6.7, 'Android 12', 'Chính 108 MP & Phụ 12 MP, 5 MP, 5 MP', '32 MP', 'Snapdragon 778G 5G', 8, 256, '2 Nano SIM (SIM 2 chung khe thẻ nhớ)Hỗ trợ 5G', '5000 mAh,25 W', '2023-07-15 04:12:53', '2023-07-15 04:12:53'),
(4, 6.4, 'Android 13', 'Chính 50 MP & Phụ 12 MP, 5 MP', '32 MP', 'Exynos 1380 8 nhân', 8, 128, '2 Nano SIMHỗ trợ 5G', '5000 mAh,25 W', '2023-07-15 04:14:44', '2023-07-15 04:14:44'),
(5, 7.6, 'Android 12', 'Chính 50 MP & Phụ 12 MP, 10 MP', '10 MP & 4 MP', 'Snapdragon 8+ Gen 1', 32, 256, '1 Nano SIM & 1 eSIMHỗ trợ 5G', '4400 mAh,25 W', '2023-07-15 04:30:28', '2023-07-15 04:30:28'),
(6, 6.8, 'Android 13', 'Chính 200 MP & Phụ 12 MP, 10 MP, 10 MP', '12 MP', 'Snapdragon 8 Gen 2 8 nhân', 16, 1, '2 Nano SIM hoặc 1 Nano SIM + 1 eSIMHỗ trợ 5G', '5000 mAh,45 W', '2023-07-15 04:38:19', '2023-07-15 04:38:19'),
(7, 6.7, 'Android 12', 'Chính 50 MP & Phụ 50 MP, 13 MP', '32 MP', 'Snapdragon 8 Gen 1', 8, 256, '2 Nano SIM hoặc 1 Nano SIM + 1 eSIMHỗ trợ 5G', '5000 mAh, \n 80 W', '2023-07-15 04:40:41', '2023-07-15 04:40:41');

-- --------------------------------------------------------

--
-- Table structure for table `posts`
--

CREATE TABLE `posts` (
  `id` bigint(20) UNSIGNED NOT NULL,
  `public_id` varchar(255) NOT NULL,
  `user_id` bigint(20) UNSIGNED NOT NULL,
  `type_id` bigint(20) UNSIGNED NOT NULL,
  `name` varchar(255) NOT NULL,
  `slug` varchar(255) NOT NULL,
  `short_desc` varchar(255) NOT NULL,
  `desc` text NOT NULL,
  `image` varchar(255) NOT NULL,
  `view` int(11) NOT NULL DEFAULT 0,
  `status` int(11) NOT NULL DEFAULT 0,
  `created_at` timestamp NULL DEFAULT NULL,
  `updated_at` timestamp NULL DEFAULT NULL
) ENGINE=InnoDB DEFAULT CHARSET=utf8mb4 COLLATE=utf8mb4_general_ci;

--
-- Dumping data for table `posts`
--

INSERT INTO `posts` (`id`, `public_id`, `user_id`, `type_id`, `name`, `slug`, `short_desc`, `desc`, `image`, `view`, `status`, `created_at`, `updated_at`) VALUES
(1, 'HOnWeCRIiyXcQu9W', 1, 2, 'Trào lưu \'tự chụp ảnh bằng AI\'', 'trao-luu-tu-chup-anh-bang-ai', 'Thay vì bỏ tiền thuê hoặc nhờ ai đó chụp ảnh, nhiều người tìm đến ứng dụng AI cho phép họ \"tự chụp\" từ ảnh chân dung đến du lịch.', '<div class=\"sidebar-1\">\r\n<div class=\"header-content width_common\">\r\n<p>Thay v&igrave; bỏ tiền thu&ecirc; hoặc nhờ ai đ&oacute; chụp ảnh, nhiều người t&igrave;m đến ứng dụng AI cho ph&eacute;p họ &quot;tự chụp&quot; từ ảnh ch&acirc;n dung đến du lịch.</p>\r\n</div>\r\n\r\n<p>Theo <em>Petapixel</em>, giới trẻ đang d&ugrave;ng Remini - ứng dụng chỉnh sửa AI để biến ảnh selfie sẵn c&oacute; của m&igrave;nh th&agrave;nh những tấm h&igrave;nh ch&acirc;n dung chuy&ecirc;n nghiệp. Một số thậm ch&iacute; đặt c&acirc;u hỏi tại sao họ phải trả tiền cho nhiếp ảnh gia khi đ&atilde; c&oacute; một &quot;thợ chụp ảnh trong t&uacute;i&quot;.</p>\r\n\r\n<p><span style=\"color:#000000\">Ảnh chụp từ smartphone được AI biến th&agrave;nh ảnh chuy&ecirc;n nghiệp đang lan truyền khắp mạng x&atilde; hội. </span>Hashtag #Remini hiện c&oacute; hơn 1,4 tỷ lượt xem tr&ecirc;n TikTok với h&agrave;ng ngh&igrave;n người d&ugrave;ng.</p>\r\n\r\n<div class=\"action_thumb flexbox\" style=\"display:flex; opacity:1; transform-origin:0px 0px; transform:scale(1, 1); z-index:9\">&nbsp;</div>\r\n\r\n<div class=\"fig-picture\" style=\"padding-bottom:66.666666666667%; position:relative\"><!--[if IE 9]><video style=\"display: none;\"><![endif]--><!--[if IE 9]></video><![endif]--><img alt=\"Ứng dụng Remini cho phép người dùng tạo ảnh chụp chuyên nghiệp bằng AI hoặc khôi phục ảnh cũ, ảnh bị mờ trở nên sắc nét. Ảnh: Khương Nha\" class=\"lazied lazy\" src=\"https://i1-sohoa.vnecdn.net/2023/07/22/Remini3-7141-1690001353.png?w=680&amp;h=0&amp;q=100&amp;dpr=1&amp;fit=crop&amp;s=_vKD0vbveKgk0W_LATf0Ew\" style=\"left:0; position:absolute; width:100%\" /></div>\r\n\r\n<p>Ứng dụng Remini cho ph&eacute;p tạo ảnh chuy&ecirc;n nghiệp bằng AI hoặc kh&ocirc;i phục ảnh cũ mờ trở n&ecirc;n sắc n&eacute;t. Ảnh: <em>Khương Nha</em></p>\r\n\r\n<p>Remini hoạt động tương tự <a href=\"https://vnexpress.net/so-hoa/lensa-ai-trieu-usd-dang-day-song-cong-dong-4546557.html\" rel=\"dofollow\">Lensa AI</a> từng l&agrave;m mưa l&agrave;m gi&oacute; năm 2022. Ứng dụng bắt đầu thu h&uacute;t sự ch&uacute; &yacute; sau khi t&agrave;i khoản TikTok Graces Place chia sẻ c&aacute;ch tạo ra loạt ảnh ch&acirc;n dung cho hồ sơ Linkedin chỉ với v&agrave;i thao t&aacute;c tr&ecirc;n điện thoại. Video thu h&uacute;t 42,2 triệu lượt xem sau 6 ng&agrave;y đăng.</p>\r\n\r\n<p>Những ng&agrave;y qua, Remini trở n&ecirc;n phổ biến khắp mạng x&atilde; hội. Tại Mỹ, ứng dụng vượt qua sức h&uacute;t của mạng x&atilde; hội <a href=\"https://vnexpress.net/chu-de/threads-6591\" rel=\"dofollow\">Threads</a> để vươn l&ecirc;n vị tr&iacute; số một tr&ecirc;n bảng xếp hạng App Store. Tại Việt Nam, Remini cũng leo l&ecirc;n top 6 ứng dụng chỉnh sửa ảnh được tải nhiều nhất.</p>\r\n\r\n<p>So với Lensa AI, Remni y&ecirc;u cầu &iacute;t th&ocirc;ng tin ri&ecirc;ng tư của người d&ugrave;ng hơn. Trong phần c&agrave;i đặt, ứng dụng cam kết x&oacute;a vĩnh viễn ảnh của người d&ugrave;ng khỏi m&aacute;y chủ trong v&ograve;ng 24 giờ v&agrave; kh&ocirc;ng sử dụng cho mục đ&iacute;ch kh&aacute;c. Nh&agrave; ph&aacute;t triển cho ph&eacute;p t&ugrave;y chọn nhiều mức độ chia sẻ quyền ri&ecirc;ng tư.</p>\r\n\r\n<div class=\"action_thumb flexbox\" style=\"display:none; opacity:1; transform-origin:0px 0px; transform:scale(1, 1); z-index:9\">&nbsp;</div>\r\n\r\n<div class=\"fig-picture\" style=\"padding-bottom:52.5%; position:relative\"><!--[if IE 9]><video style=\"display: none;\"><![endif]--><!--[if IE 9]></video><![endif]--><img alt=\"Từ ảnh selfie (giữa), Remini có thể tạo ảnh chân dung chuyên nghiệp. Nguồn: Graces Place\" class=\"lazied lazy\" src=\"https://i1-sohoa.vnecdn.net/2023/07/22/AI-8918-1690004002.jpg?w=680&amp;h=0&amp;q=100&amp;dpr=1&amp;fit=crop&amp;s=Z2wTopduIdNexqKuZ-8Rog\" style=\"left:0; position:absolute; width:100%\" /></div>\r\n\r\n<p>Từ ảnh selfie (giữa), Remini c&oacute; thể tạo ảnh ch&acirc;n dung chuy&ecirc;n nghiệp. Nguồn:<em> Graces Place</em></p>\r\n\r\n<div style=\"text-align:center\">\r\n<p style=\"text-align:left\">Giao diện của Remini đơn giản, dễ d&ugrave;ng với ba t&iacute;nh năng: Tạo ảnh AI, Tạo ảnh đại diện AI v&agrave; N&acirc;ng cao. Trong phần Tạo ảnh AI, người d&ugrave;ng cần tải l&ecirc;n 7 ảnh ch&acirc;n dung, kh&ocirc;ng cần r&otilde; mặt, chất lượng ảnh c&oacute; thể mờ hoặc thiếu s&aacute;ng. Sau đ&oacute; t&ugrave;y v&agrave;o lựa chọn giới t&iacute;nh, ứng dụng sẽ gợi &yacute; h&agrave;ng trăm khung h&igrave;nh mẫu với đủ kiểu d&aacute;ng từ trẻ đến gi&agrave;, đa dạng ng&agrave;nh nghề, quốc gia, m&agrave;u da... v&agrave; trả về 6 kết quả. Đ&acirc;y l&agrave; điểm nổi bật của Remini so với c&aacute;c ứng dụng ảnh AI kh&aacute;c. Người d&ugrave;ng c&oacute; thể chọn bản ưng &yacute; nhất với thay đổi về kiểu d&aacute;ng, quần &aacute;o, phong c&aacute;ch...</p>\r\n</div>\r\n\r\n<p>Tương tự với mục Tạo ảnh đại diện, người d&ugrave;ng c&oacute; thể tải l&ecirc;n ảnh tự chụp với nhiều g&oacute;c mặt, biểu cảm, khung nền. Ứng dụng cũng nhận ảnh nh&oacute;m, ảnh đeo k&iacute;nh r&acirc;m, kh&ocirc;ng r&otilde; mặt, thậm ch&iacute; ảnh động vật. Sau v&agrave;i chục gi&acirc;y xử l&yacute;, Remini cho ra bộ ảnh ch&acirc;n dung chuy&ecirc;n nghiệp giống như trong studio.</p>\r\n\r\n<p>Phần t&ugrave;y chọn n&acirc;ng cao hỗ trợ tạo ảnh hoặc video AI theo t&ugrave;y chọn ri&ecirc;ng, kh&oacute; ph&acirc;n biệt được thật giả. Một số TikToker cho biết họ d&ugrave;ng AI để cải thiện chất lượng video của m&igrave;nh, như chỉnh sửa bố cục, &aacute;nh s&aacute;ng, l&agrave;m đẹp, thay đổi ph&ocirc;ng nền.</p>\r\n\r\n<div class=\"action_thumb flexbox\" style=\"display:none; opacity:1; transform-origin:0px 0px; transform:scale(1, 1); z-index:9\">&nbsp;</div>\r\n\r\n<div class=\"fig-picture\" style=\"padding-bottom:69.375619425173%; position:relative\"><!--[if IE 9]><video style=\"display: none;\"><![endif]--><!--[if IE 9]></video><![endif]--><img alt=\"Remini cho phép dùng thử trong ba ngày, sau đó tính phí 239 nghìn đồng mỗi tuần. Ảnh: Khương Nha\" class=\"lazied lazy\" src=\"https://i1-sohoa.vnecdn.net/2023/07/22/remini2-1690000421-7659-1690001354.png?w=680&amp;h=0&amp;q=100&amp;dpr=1&amp;fit=crop&amp;s=xTvbGCRLntfH0qG9EIWVCw\" style=\"left:0; position:absolute; width:100%\" /></div>\r\n\r\n<p>Remini cho ph&eacute;p d&ugrave;ng thử trong ba ng&agrave;y, sau đ&oacute; t&iacute;nh ph&iacute; 239 ngh&igrave;n đồng mỗi tuần. Ảnh: <em>Khương Nha</em></p>\r\n\r\n<p>Nhiều người cho rằng m&aacute;y m&oacute;c kh&ocirc;ng thể thay thế được những gi&aacute; trị ri&ecirc;ng của nhiếp ảnh gia, tuy nhi&ecirc;n sự xuất hiện của AI cũng sẽ khiến c&aacute;c thợ ảnh phải xem x&eacute;t lại mức gi&aacute; qu&aacute; cao cho những bộ ch&acirc;n dung của họ.</p>\r\n\r\n<p>Mollie Danielle, t&agrave;i khoản c&oacute; 9,7 triệu lượt xem tr&ecirc;n TikTok, n&oacute;i với<em> Insider</em>: &quot;AI thực sự khiến một người bất kỳ tr&ocirc;ng như người T&acirc;y Ban Nha. T&ocirc;i đ&atilde; ph&aacute;t cuồng về ứng dụng nhưng thi thoảng, ảnh tạo ra kh&ocirc;ng thật, nhiều chi tiết bị b&oacute;p m&eacute;o. Sau &iacute;t ng&agrave;y d&ugrave;ng thử, t&ocirc;i đ&atilde; x&oacute;a ứng dụng&quot;.</p>\r\n\r\n<p>Một trong những phản hồi nhiều nhất của người d&ugrave;ng về Remini l&agrave; AI c&oacute; xu hướng khiến họ tr&ocirc;ng gầy hơn. Một số cho rằng c&aacute;c t&aacute;c phẩm n&agrave;y kh&ocirc;ng thật, nịnh mắt trong khi số kh&aacute;c n&oacute;i họ c&oacute; th&ecirc;m động lực giảm c&acirc;n v&igrave; thấy m&igrave;nh trở n&ecirc;n xinh đẹp khi thon gọn.</p>\r\n\r\n<p>Remini được c&ocirc;ng ty c&ocirc;ng nghệ Bending Spoons c&oacute; trụ sở tại Milan ra mắt năm 2019. Ban đầu, c&ocirc;ng ty cung cấp dịch vụ l&agrave;m r&otilde; n&eacute;t ảnh độ ph&acirc;n giải thấp, phục hồi ảnh cũ. Đến 2022, họ t&iacute;ch hợp th&ecirc;m <a href=\"https://vnexpress.net/chu-de/tri-tue-nhan-tao-ai-1980\" rel=\"dofollow\">AI</a> v&agrave;o ứng dụng. C&ocirc;ng ty thu h&uacute;t ch&uacute; &yacute; với ứng dụng tạo ảnh thời thơ ấu. Ứng dụng cho d&ugrave;ng thử miễn ph&iacute;, sau đ&oacute; thu ph&iacute; theo tuần hoặc theo năm. Tại Việt Nam, người d&ugrave;ng c&oacute; thể trả 249 ngh&igrave;n đồng để d&ugrave;ng trong một tuần hoặc 1,9 triệu đồng cho một năm.</p>\r\n\r\n<p style=\"text-align:right\">&nbsp;</p>\r\n</div>', '64bfaa2bb7d39_1690282539.png', 22, 0, '2023-06-19 09:09:22', '2023-11-25 06:32:13'),
(2, 'mm1tt0XCZRnus0v0', 1, 2, 'iPhone 15 Pro gặp vấn đề về màn hình', 'iphone-15-pro-gap-van-de-ve-man-hinh', 'Apple được cho là đang gặp khó khăn trong sản xuất màn hình iPhone 15 Pro, có thể khiến sản lượng bị hạn chế hoặc ảnh hưởng đến thời gian ra mắt.', 'iPhone 15 Pro gặp vấn đề về m&agrave;n h&igrave;nh', '64bfaa36d3898_1690282550.jpg', 109, 0, '2023-07-25 02:38:28', '2023-12-09 06:51:52');

-- --------------------------------------------------------

--
-- Table structure for table `post_tags`
--

CREATE TABLE `post_tags` (
  `id` bigint(20) NOT NULL,
  `post_id` bigint(20) UNSIGNED NOT NULL,
  `tag_id` bigint(20) UNSIGNED NOT NULL,
  `created_at` timestamp NULL DEFAULT NULL,
  `updated_at` timestamp NULL DEFAULT NULL
) ENGINE=InnoDB DEFAULT CHARSET=utf8mb4 COLLATE=utf8mb4_general_ci;

--
-- Dumping data for table `post_tags`
--

INSERT INTO `post_tags` (`id`, `post_id`, `tag_id`, `created_at`, `updated_at`) VALUES
(1, 1, 1, '2023-11-25 04:08:30', '2023-11-25 04:08:30'),
(2, 1, 2, '2023-11-25 04:08:49', '2023-11-25 04:08:49'),
(3, 2, 2, '2023-11-25 04:08:49', '2023-11-25 04:08:49');

-- --------------------------------------------------------

--
-- Table structure for table `products`
--

CREATE TABLE `products` (
  `id` bigint(20) UNSIGNED NOT NULL,
  `name` varchar(255) NOT NULL,
  `slug` varchar(255) NOT NULL,
  `cateId` bigint(20) UNSIGNED NOT NULL,
  `phone_id` bigint(20) UNSIGNED DEFAULT NULL,
  `accessories_id` bigint(20) UNSIGNED DEFAULT NULL,
  `galleryId` bigint(20) UNSIGNED NOT NULL,
  `price` double NOT NULL,
  `priceOld` double NOT NULL DEFAULT 0,
  `price_import` double NOT NULL DEFAULT 0,
  `description` text NOT NULL,
  `qty` int(11) NOT NULL DEFAULT 0,
  `status` int(11) NOT NULL DEFAULT 0,
  `created_at` timestamp NULL DEFAULT NULL,
  `updated_at` timestamp NULL DEFAULT NULL
) ENGINE=InnoDB DEFAULT CHARSET=utf8mb4 COLLATE=utf8mb4_unicode_ci;

--
-- Dumping data for table `products`
--

INSERT INTO `products` (`id`, `name`, `slug`, `cateId`, `phone_id`, `accessories_id`, `galleryId`, `price`, `priceOld`, `price_import`, `description`, `qty`, `status`, `created_at`, `updated_at`) VALUES
(1, 'Samsung Galaxy A73 128GB', 'samsung-galaxy-a73-128gb', 1, 1, NULL, 1, 25000000, 0, 20000000, 'Samsung Galaxy A73 5G 128GB được xem là sản phẩm nổi bật nhất dòng Galaxy A 2022 mới ra mắt, máy trang bị bộ thông số kỹ thuật ấn tượng về phần hiệu năng, chất lượng màn hình và nổi bật nhất trong số đó là camera khi nó đem lại bức ảnh có độ phân giải lên đến 108 MP.', 200, 0, '2023-07-07 09:49:57', '2023-11-15 04:37:31'),
(2, 'Samsung Galaxy A54 256GB', 'samsung-galaxy-a54-256gb', 2, 2, NULL, 2, 35000000, 0, 30000000, 'Samsung Galaxy A54 5G là mẫu điện thoại thông minh trong phân khúc tầm trung vừa được hãng cho ra mắt vào tháng 03/2023, máy trang bị màn hình Super AMOLED cùng con chip Exynos 1380 tiên tiến do chính Samsung sản xuất.', 100, 0, '2023-07-07 09:53:58', '2023-11-15 04:37:53'),
(3, 'Pin Sạc Dự Phòng Polymer', 'pin-sac-du-phong-polymer', 13, NULL, 1, 3, 150000, 0, 100000, 'AVA+ JP208 sạc lại nhiều lần cho các thiết bị di động với dung lượng 10.000 mAh, hiệu suất sạc 64%', 100, 0, '2023-07-07 10:28:33', '2023-11-15 04:07:28'),
(4, 'Adapter Samsung EP-TA800N', 'adapter-samsung-ep-ta800n', 13, NULL, 2, 4, 250000, 0, 200000, 'Nhỏ gọn, tiện mang theo đến bất kỳ nơi nào \r\nĐường nét adapter mềm mại, màu trắng sạch đẹp, màu đen sang trọng, duy trì độ mới lâu, cầm trên tay cực thoải mái, giúp bạn thao tác khi sạc cũng như khi cất giữ, dịch chuyển sản phẩm linh hoạt, nhanh nhẹn.', 99, 0, '2023-07-07 10:37:13', '2023-11-26 04:17:44'),
(5, 'Samsung Galaxy A73 256GB', 'samsung-galaxy-a73-256gb', 1, 3, NULL, 5, 52000000, 0, 50000000, 'Samsung Galaxy A73 5G 128GB được xem là sản phẩm nổi bật nhất dòng Galaxy A 2022 mới ra mắt, máy trang bị bộ thông số kỹ thuật ấn tượng về phần hiệu năng, chất lượng màn hình và nổi bật nhất trong số đó là camera khi nó đem lại bức ảnh có độ phân giải lên đến 108 MP.', 100, 0, '2023-07-15 04:12:53', '2023-11-15 04:39:52'),
(6, 'Samsung Galaxy A54 128GB', 'samsung-galaxy-a54-128gb', 13, 4, NULL, 6, 28000000, 0, 25000000, 'Samsung Galaxy A54 5G là mẫu điện thoại thông minh trong phân khúc tầm trung vừa được hãng cho ra mắt vào tháng 03/2023, máy trang bị màn hình Super AMOLED cùng con chip Exynos 1380 tiên tiến do chính Samsung sản xuất.', 100, 0, '2023-07-15 04:14:44', '2023-11-15 04:40:05'),
(7, 'Cáp Type C 0.2m Xmobile TC200B', 'cap-type-c-02m-xmobile-tc200b', 16, NULL, 3, 7, 150000, 0, 100000, 'Kiểu dáng đơn giản, dây dài 0.2 m\r\nKết cấu gọn gàng, chất liệu dây mềm mại, kháng vỡ, uốn cong dễ dàng, có thể cuộn lại và cho vào túi xách, balo để mang đi làm, đi học, du lịch mà không lo chiếm nhiều diện tích.', 98, 0, '2023-07-15 04:19:37', '2023-11-26 03:44:09'),
(8, 'Gậy Chụp Ảnh Mini Cosano CW1', 'gay-chup-anh-mini-cosano-cw1', 16, NULL, 4, 8, 60000, 0, 50000, 'Gậy chụp ảnh Mini Cosano CW1 thiết kế nhỏ gọn cùng màu sắc trẻ trung, dễ dàng kéo dài đến 60 cm thoải mái chụp hình, lấy được nhiều góc, nhiều cảnh đẹp hoặc thu gọn lại chỉ với độ dài 16 cm cho người dùng dễ dàng bỏ vào túi xách, balo mang theo khi đi chơi, đi du lịch.', 100, 0, '2023-07-15 04:20:55', '2023-11-15 04:40:54'),
(9, 'Pin Sạc Dự Phòng Polymer', 'pin-sac-du-phong-polymer', 16, NULL, 5, 9, 350000, 0, 300000, 'Nguồn tích trữ năng lượng dồi dào cho bạn hoàn toàn yên tâm khi khám phá các vùng đất mới hoặc công tác ở những nơi thiếu nguồn điện, sạc dự phòng sẽ luôn đảm bảo điện thoại có đủ năng lượng để bạn xử lý công việc, chụp ảnh, quay video khi cần.', 99, 0, '2023-07-15 04:27:28', '2023-11-15 05:10:06'),
(10, 'Samsung Galaxy Z Fold4 256GB', 'samsung-galaxy-z-fold4-256gb', 1, 5, NULL, 10, 30000000, 0, 25000000, 'Galaxy Z Fold4 (2022) ra mắt với ngoại hình gần như là không đổi khi so với Galaxy Z Fold3, nếu bạn chỉ nhìn bề ngoài thì bạn sẽ khó lòng phân biệt được 2 sản phẩm này. Máy vẫn sử dụng khung viền Armor Aluminum bền bỉ, mặt kính màn hình phụ là Corning Gorilla Glass Victus+, mặt kính màn hình chính là Ultra Thin Glass.', 98, 0, '2023-07-15 04:30:28', '2023-12-10 04:40:11'),
(11, 'Samsung Galaxy S23 Ultra 1TB', 'samsung-galaxy-s23-ultra-1tb', 1, 6, NULL, 11, 34000000, 35000000, 30000000, 'Mặt trước Galaxy S23 Ultra có thiết kế Infinity-O đặc trưng của điện thoại Galaxy dòng S từ trước cho đến nay, màn hình cũng được làm cong về hai cạnh bên mang đến cho người dùng trải nghiệm tốt hơn với không gian màn ảnh rộng trong tầm tay.', 99, 0, '2023-07-15 04:38:19', '2023-11-15 05:10:06'),
(12, 'OPPO Find X5 Pro 5G  256GB', 'oppo-find-x5-pro-5g-256gb', 1, 7, NULL, 12, 18000000, 0, 10000000, 'OPPO Find X5 Pro 5G có lẽ là cái tên sáng giá được xướng tên trong danh sách điện thoại có thiết kế ấn tượng trong năm 2022. Máy được hãng cho ra mắt với một diện mạo độc lạ chưa từng có, cùng với đó là những nâng cấp về chất lượng ở camera nhờ sự hợp tác với nhà sản xuất máy ảnh Hasselblad.', 100, 0, '2023-07-15 04:40:41', '2023-11-15 04:52:48'),
(13, 'Apple MacBook Pro 2023 512GB', 'apple-macbook-pro-2023-512gb', 15, NULL, NULL, 13, 25000000, 0, 22000000, 'The Apple MacBook Pro 2023 comes with the latest M2 chip, stunning Retina display, and up to 32GB of RAM, providing unparalleled performance for professionals and creatives.', 50, 0, '2023-07-15 05:00:00', '2023-11-15 05:00:00'),
(14, 'Sony PlayStation 6 Pro 1TB', 'sony-playstation-6-pro-1tb', 17, NULL, NULL, 14, 25000000, 0, 5500000, 'The Sony PlayStation 6 Pro offers cutting-edge gaming performance with 4K resolution, ray tracing, and ultra-fast SSD storage, delivering immersive gaming experiences like never before.', 100, 0, '2023-07-15 05:05:00', '2023-11-15 05:05:00'),
(15, 'Dell UltraSharp U4021QW 40-inch Monitor', 'dell-ultrasharp-u4021qw-40-inch-monitor', 18, NULL, NULL, 15, 8000000, 0, 7500000, 'The Dell UltraSharp U4021QW is a 40-inch curved monitor with 5K resolution, USB-C connectivity, and built-in KVM switch, providing an immersive and productive workspace for professionals.', 30, 0, '2023-07-15 05:10:00', '2023-11-15 05:10:00'),
(16, 'GoPro HERO 12 Black', 'gopro-hero-12-black', 19, NULL, NULL, 16, 4000000, 0, 3500000, 'The GoPro HERO 12 Black is a versatile action camera with 5K video recording, advanced stabilization, and a rugged waterproof design, perfect for capturing your adventures in stunning detail.', 80, 0, '2023-07-15 05:15:00', '2023-11-15 05:15:00'),
(17, 'LG OLED C3 65-inch 4K TV', 'lg-oled-c3-65-inch-4k-tv', 20, NULL, NULL, 17, 20000000, 0, 18000000, 'The LG OLED C3 is a premium 65-inch 4K TV with OLED technology, Dolby Vision IQ, and HDMI 2.1 connectivity, delivering breathtaking picture quality and immersive sound for a cinematic viewing experience.', 40, 0, '2023-07-15 05:20:00', '2023-11-15 05:20:00'),
(18, 'Razer BlackWidow V5 Mechanical Keyboard', 'razer-blackwidow-v5-mechanical-keyboard', 21, NULL, NULL, 18, 1500000, 0, 1200000, 'The Razer BlackWidow V5 is a premium mechanical keyboard with Razer Green switches, customizable RGB lighting, and durable construction, offering precision and comfort for gaming and typing.', 120, 0, '2023-07-15 05:25:00', '2023-11-15 05:25:00'),
(19, 'Samsung Odyssey G9 Ultrawide Gaming Monitor', 'samsung-odyssey-g9-ultrawide-gaming-monitor', 18, NULL, NULL, 19, 18000000, 0, 16000000, 'The Samsung Odyssey G9 is a 49-inch ultrawide gaming monitor with 240Hz refresh rate, QLED technology, and 1000R curvature, providing an immersive gaming experience with stunning visuals.', 60, 0, '2023-07-15 05:30:00', '2023-11-15 05:30:00'),
(20, 'Canon EOS R5 Mirrorless Camera', 'canon-eos-r5-mirrorless-camera', 22, NULL, NULL, 20, 12000000, 0, 10000000, 'The Canon EOS R5 is a high-performance mirrorless camera with 45MP full-frame sensor, 8K video recording, and advanced autofocus system, offering professional-grade imaging capabilities for photographers and videographers.', 70, 0, '2023-07-15 05:35:00', '2023-11-15 05:35:00'),
(21, 'Logitech G Pro X Superlight Wireless Gaming Mouse', 'logitech-g-pro-x-superlight-wireless-gaming-mouse', 23, NULL, NULL, 21, 2500000, 0, 2000000, 'The Logitech G Pro X Superlight is an ultra-lightweight wireless gaming mouse with HERO sensor, customizable RGB lighting, and long battery life, delivering precision and speed for competitive gaming.', 150, 0, '2023-07-15 05:40:00', '2023-11-15 05:40:00'),
(22, 'Microsoft Surface Pro 9 256GB', 'microsoft-surface-pro-9-256gb', 24, NULL, NULL, 22, 18000000, 0, 15000000, 'The Microsoft Surface Pro 9 is a versatile 2-in-1 laptop with Intel Core i7 processor, PixelSense display, and Surface Pen support, offering productivity and creativity in a sleek and portable design.', 90, 0, '2023-07-15 05:45:00', '2023-11-15 05:45:00'),
(23, 'Nvidia GeForce RTX 4090 Graphics Card', 'nvidia-geforce-rtx-4090-graphics-card', 24, NULL, NULL, 23, 10000000, 0, 8000000, 'The Nvidia GeForce RTX 4090 is a high-end graphics card with next-generation Ampere architecture, ray tracing, and DLSS technology, delivering unparalleled gaming performance and visual fidelity.', 50, 0, '2023-07-15 05:50:00', '2023-11-15 05:50:00'),
(24, 'Bose QuietComfort 45 Wireless Headphones', 'bose-quietcomfort-45-wireless-headphones', 14, NULL, NULL, 24, 2500000, 0, 2000000, 'The Bose QuietComfort 45 headphones offer industry-leading noise cancellation, balanced sound, and comfortable design, providing a peaceful listening experience in any environment.', 200, 0, '2023-07-15 05:55:00', '2023-11-15 05:55:00'),
(25, 'Asus ROG Strix Scar 17 Gaming Laptop', 'asus-rog-strix-scar-17-gaming-laptop', 15, NULL, NULL, 25, 35000000, 0, 30000000, 'The Asus ROG Strix Scar 17 is a powerful gaming laptop with AMD Ryzen 9 processor, Nvidia GeForce RTX 3080 graphics, and 360Hz display, offering competitive gaming performance in a portable package.', 80, 0, '2023-07-15 06:00:00', '2023-11-15 06:00:00'),
(26, 'Sony Alpha A7 IV Mirrorless Camera', 'sony-alpha-a7-iv-mirrorless-camera', 22, NULL, NULL, 26, 14000000, 0, 12000000, 'The Sony Alpha A7 IV is a versatile mirrorless camera with 33MP full-frame sensor, 4K video recording, and fast autofocus system, ideal for both photography and videography enthusiasts.', 100, 0, '2023-07-15 06:05:00', '2023-11-15 06:05:00'),
(27, 'Samsung CRG9 49-inch Ultrawide Gaming Monitor', 'samsung-crg9-49-inch-ultrawide-gaming-monitor', 18, NULL, NULL, 27, 22000000, 0, 20000000, 'The Samsung CRG9 is a 49-inch ultrawide gaming monitor with 120Hz refresh rate, HDR support, and QLED technology, providing an immersive gaming experience with stunning visuals and smooth gameplay.', 40, 0, '2023-07-15 06:10:00', '2023-11-15 06:10:00'),
(28, 'Apple AirPods Pro 2', 'apple-airpods-pro-2', 14, NULL, NULL, 28, 3000000, 0, 2500000, 'The Apple AirPods Pro 2 feature active noise cancellation, transparency mode, and customizable fit, offering immersive sound and all-day comfort for music and calls.', 150, 0, '2023-07-15 06:15:00', '2023-11-15 06:15:00'),
(29, 'Alienware Aurora R13 Gaming Desktop', 'alienware-aurora-r13-gaming-desktop', 20, NULL, NULL, 29, 40000000, 0, 35000000, 'The Alienware Aurora R13 is a high-performance gaming desktop with Intel Core i9 processor, Nvidia GeForce RTX 3090 graphics, and customizable RGB lighting, offering exceptional gaming experiences with uncompromising power.', 60, 0, '2023-07-15 06:20:00', '2023-11-15 06:20:00'),
(30, 'Fujifilm X-T4 Mirrorless Camera', 'fujifilm-x-t4-mirrorless-camera', 22, NULL, NULL, 30, 8000000, 0, 7000000, 'The Fujifilm X-T4 is a versatile mirrorless camera with 26MP APS-C sensor, 4K video recording, and in-body image stabilization, providing professional-level imaging performance for photographers and videographers.', 100, 0, '2023-07-15 06:25:00', '2023-11-15 06:25:00'),
(31, 'Corsair K70 RGB MK.2 Mechanical Gaming Keyboard', 'corsair-k70-rgb-mk2-mechanical-gaming-keyboard', 21, NULL, NULL, 31, 2000000, 0, 1700000, 'The Corsair K70 RGB MK.2 is a premium mechanical gaming keyboard with Cherry MX switches, customizable RGB lighting, and durable aluminum frame, offering responsive and accurate keystrokes for gaming and typing.', 120, 0, '2023-07-15 06:30:00', '2023-11-15 06:30:00'),
(32, 'HP Spectre x360 15-inch Laptop', 'hp-spectre-x360-15-inch-laptop', 15, NULL, NULL, 32, 28000000, 0, 25000000, 'The HP Spectre x360 is a premium convertible laptop with Intel Core i7 processor, 4K OLED display, and long battery life, providing versatility and performance for professionals on the go.', 70, 0, '2023-07-15 06:35:00', '2023-11-15 06:35:00'),
(33, 'Logitech G Pro X Gaming Headset', 'logitech-g-pro-x-gaming-headset', 14, NULL, NULL, 33, 1800000, 0, 1500000, 'The Logitech G Pro X gaming headset features Blue Voice microphone technology, premium leatherette earpads, and lightweight design, delivering clear communication and comfort for long gaming sessions.', 200, 0, '2023-07-15 06:40:00', '2023-11-15 06:40:00'),
(34, 'Acer Predator XB273K 27-inch 4K Gaming Monitor', 'acer-predator-xb273k-27-inch-4k-gaming-monitor', 18, NULL, NULL, 34, 10000000, 0, 9000000, 'The Acer Predator XB273K is a 27-inch 4K gaming monitor with 144Hz refresh rate, G-Sync support, and HDR400 certification, providing smooth gameplay and stunning visuals for immersive gaming experiences.', 80, 0, '2023-07-15 06:45:00', '2023-11-15 06:45:00'),
(35, 'Nintendo Switch Pro', 'nintendo-switch-pro', 17, NULL, NULL, 35, 5000000, 0, 4500000, 'The Nintendo Switch Pro offers enhanced performance, OLED display, and improved battery life, delivering a premium gaming experience for Nintendo enthusiasts both at home and on the go.', 100, 0, '2023-07-15 06:50:00', '2023-11-15 06:50:00'),
(36, 'DJI Mavic 3 Pro Drone', 'dji-mavic-3-pro-drone', 22, NULL, NULL, 36, 25000000, 0, 22000000, 'The DJI Mavic 3 Pro is a professional-grade drone with Hasselblad camera, 4/3-inch sensor, and up to 46 minutes of flight time, offering cinematic aerial photography and videography capabilities.', 50, 0, '2023-07-15 06:55:00', '2023-11-15 06:55:00'),
(37, 'Samsung QN900A Neo QLED 8K TV', 'samsung-qn900a-neo-qled-8k-tv', 20, NULL, NULL, 37, 40000000, 0, 35000000, 'The Samsung QN900A is a flagship 8K TV with Neo QLED technology, Object Tracking Sound Pro, and Infinity Screen, delivering stunning visuals and immersive sound for a cinematic viewing experience.', 30, 0, '2023-07-15 07:00:00', '2023-11-15 07:00:00'),
(38, 'SteelSeries Arctis Pro Wireless Headset', 'steelseries-arctis-pro-wireless-headset', 14, NULL, NULL, 38, 3500000, 0, 3000000, 'The SteelSeries Arctis Pro Wireless headset features dual-wireless technology, hi-res audio certification, and swappable batteries, providing premium sound and comfort for gaming and entertainment.', 120, 0, '2023-07-15 07:05:00', '2023-11-15 07:05:00'),
(39, 'Lenovo Legion 7i Gaming Laptop', 'lenovo-legion-7i-gaming-laptop', 15, NULL, NULL, 39, 32000000, 0, 28000000, 'The Lenovo Legion 7i is a high-performance gaming laptop with Intel Core i9 processor, Nvidia GeForce RTX 3070 graphics, and 240Hz display, offering desktop-class gaming performance in a portable form factor.', 80, 0, '2023-07-15 07:10:00', '2023-11-15 07:10:00'),
(40, 'Canon EOS-1D X Mark III DSLR Camera', 'canon-eos-1d-x-mark-iii-dslr-camera', 22, NULL, NULL, 40, 30000000, 0, 26000000, 'The Canon EOS-1D X Mark III is a flagship DSLR camera with 20.1MP full-frame sensor, 5.5K RAW video recording, and advanced autofocus system, offering unparalleled performance for professional photographers and videographers.', 50, 0, '2023-07-15 07:15:00', '2023-11-15 07:15:00'),
(41, 'Roku Ultra 2023 Streaming Media Player', 'roku-ultra-2023-streaming-media-player', 21, NULL, NULL, 41, 1000000, 0, 800000, 'The Roku Ultra 2023 is a high-performance streaming media player with 4K HDR support, Dolby Atmos compatibility, and voice remote, offering a seamless streaming experience for entertainment enthusiasts.', 200, 0, '2023-07-15 07:20:00', '2023-11-15 07:20:00'),
(42, 'Sennheiser HD 660 S Open-Back Headphones', 'sennheiser-hd-660-s-open-back-headphones', 14, NULL, NULL, 42, 4000000, 0, 3500000, 'The Sennheiser HD 660 S headphones feature open-back design, hand-selected drivers, and detachable cable, providing natural sound reproduction and comfortable listening for audiophiles.', 100, 0, '2023-07-15 07:25:00', '2023-11-15 07:25:00'),
(43, 'Alienware AW2521H Gaming Monitor', 'alienware-aw2521h-gaming-monitor', 18, NULL, NULL, 43, 6000000, 0, 5500000, 'The Alienware AW2521H is a 24.5-inch gaming monitor with 360Hz refresh rate, 1ms response time, and Nvidia G-Sync compatibility, offering ultra-smooth gameplay and responsive performance for competitive gamers.', 80, 0, '2023-07-15 07:30:00', '2023-11-15 07:30:00'),
(44, 'Sony WH-1000XM5 Wireless Noise-Canceling Headphones', 'sony-wh-1000xm5-wireless-noise-canceling-headphones', 14, NULL, NULL, 44, 3500000, 0, 3000000, 'The Sony WH-1000XM5 headphones feature industry-leading noise cancellation, LDAC audio coding, and up to 30 hours of battery life, offering immersive sound and all-day comfort for music lovers.', 150, 0, '2023-07-15 07:35:00', '2023-11-15 07:35:00'),
(45, 'LG 34WK95U-W 34-inch Ultrawide Monitor', 'lg-34wk95u-w-34-inch-ultrawide-monitor', 18, NULL, NULL, 45, 12000000, 0, 10000000, 'The LG 34WK95U-W is a 34-inch ultrawide monitor with 5K resolution, Thunderbolt 3 connectivity, and HDR600 support, providing a wide and immersive workspace for creative professionals.', 60, 0, '2023-07-15 07:40:00', '2023-11-15 07:40:00'),
(46, 'Garmin Fenix 7 Multisport GPS Watch', 'garmin-fenix-7-multisport-gps-watch', 20, NULL, NULL, 46, 6000000, 0, 5000000, 'The Garmin Fenix 7 is a multisport GPS watch with advanced performance metrics, built-in maps, and rugged design, providing comprehensive activity tracking and navigation for outdoor enthusiasts.', 100, 0, '2023-07-15 07:45:00', '2023-11-15 07:45:00'),
(47, 'HP Envy 32-inch 4K Monitor', 'hp-envy-32-inch-4k-monitor', 18, NULL, NULL, 47, 8000000, 0, 7000000, 'The HP Envy is a 32-inch 4K monitor with HDR support, built-in speakers, and AMD FreeSync technology, providing immersive visuals and rich audio for entertainment and productivity.', 70, 0, '2023-07-15 07:50:00', '2023-11-15 07:50:00'),
(48, 'Bose SoundLink Revolve+ Bluetooth Speaker', 'bose-soundlink-revolve-plus-bluetooth-speaker', 14, NULL, NULL, 48, 2500000, 0, 2000000, 'The Bose SoundLink Revolve+ is a portable Bluetooth speaker with 360-degree sound, water-resistant design, and long battery life, offering immersive audio wherever you go.', 150, 0, '2023-07-15 07:55:00', '2023-11-15 07:55:00'),
(49, 'Apple Watch Series 8', 'apple-watch-series-8', 19, NULL, NULL, 49, 6000000, 0, 5500000, 'The Apple Watch Series 8 features a larger always-on Retina display, advanced health monitoring, and faster performance, providing users with enhanced fitness tracking and connectivity on the go.', 100, 0, '2023-07-15 08:00:00', '2023-11-15 08:00:00'),
(50, 'Sony X900H 75-inch 4K TV', 'sony-x900h-75-inch-4k-tv', 20, NULL, NULL, 50, 30000000, 0, 26000000, 'The Sony X900H is a 75-inch 4K TV with full-array LED backlighting, Dolby Vision support, and Android TV platform, delivering stunning visuals and smart entertainment options for the whole family.', 30, 0, '2023-07-15 08:05:00', '2023-11-15 08:05:00'),
(51, 'Google Pixel 7 Pro', 'google-pixel-7-pro', 20, NULL, NULL, 51, 28000000, 0, 25000000, 'The Google Pixel 7 Pro features a high-refresh-rate display, advanced camera system, and fast performance powered by the latest Snapdragon processor, offering a premium Android experience for users.', 80, 0, '2023-07-15 08:10:00', '2023-11-15 08:10:00'),
(52, 'Corsair Virtuoso RGB Wireless SE Gaming Headset', 'corsair-virtuoso-rgb-wireless-se-gaming-headset', 14, NULL, NULL, 52, 3500000, 0, 3000000, 'The Corsair Virtuoso RGB Wireless SE headset features high-fidelity audio, broadcast-grade microphone, and premium build quality, delivering immersive sound and comfort for gaming and entertainment.', 120, 0, '2023-07-15 08:15:00', '2023-11-15 08:15:00'),
(53, 'Microsoft Surface Laptop Studio', 'microsoft-surface-laptop-studio', 15, NULL, NULL, 53, 32000000, 0, 28000000, 'The Microsoft Surface Laptop Studio features a unique hinged design, high-resolution PixelSense display, and powerful performance, providing versatility and productivity for creative professionals.', 70, 0, '2023-07-15 08:20:00', '2023-11-15 08:20:00'),
(54, 'Asus ROG Swift PG32UQX 32-inch 4K Gaming Monitor', 'asus-rog-swift-pg32uqx-32-inch-4k-gaming-monitor', 18, NULL, NULL, 54, 20000000, 0, 18000000, 'The Asus ROG Swift PG32UQX is a 32-inch 4K gaming monitor with Mini LED backlighting, 144Hz refresh rate, and Nvidia G-Sync Ultimate certification, providing stunning visuals and smooth gameplay for gamers.', 60, 0, '2023-07-15 08:25:00', '2023-11-15 08:25:00'),
(55, 'GoPro MAX 2 360-Degree Action Camera', 'gopro-max-2-360-degree-action-camera', 19, NULL, NULL, 55, 4500000, 0, 4000000, 'The GoPro MAX 2 is a 360-degree action camera with 5.6K video recording, Max HyperSmooth stabilization, and touch display, offering immersive and creative capture of adventures in every direction.', 100, 0, '2023-07-15 08:30:00', '2023-11-15 08:30:00'),
(56, 'Dell XPS 17 9710 Laptop', 'dell-xps-17-9710-laptop', 15, NULL, NULL, 56, 35000000, 0, 30000000, 'The Dell XPS 17 9710 is a premium laptop with Intel Core i9 processor, NVIDIA GeForce RTX 3060 graphics, and 4K UHD+ display, providing powerful performance and stunning visuals for professionals and creators.', 80, 0, '2023-07-15 08:35:00', '2023-11-15 08:35:00'),
(57, 'Nvidia GeForce RTX 4080 Ti Graphics Card', 'nvidia-geforce-rtx-4080-ti-graphics-card', 20, NULL, NULL, 57, 15000000, 0, 13000000, 'The Nvidia GeForce RTX 4080 Ti is a flagship graphics card with Ampere architecture, ray tracing, and DLSS technology, offering unparalleled gaming performance and realism for enthusiast gamers.', 50, 0, '2023-07-15 08:40:00', '2023-11-15 08:40:00'),
(58, 'LG CX 48-inch OLED TV', 'lg-cx-48-inch-oled-tv', 20, NULL, NULL, 58, 18000000, 0, 15000000, 'The LG CX is a 48-inch OLED TV with self-lit pixels, Dolby Vision IQ, and AI ThinQ technology, delivering superior picture quality and smart features for an immersive home entertainment experience.', 40, 0, '2023-07-15 08:45:00', '2023-11-15 08:45:00'),
(59, 'Razer Huntsman Elite Gaming Keyboard', 'razer-huntsman-elite-gaming-keyboard', 21, NULL, NULL, 59, 2500000, 0, 2000000, 'The Razer Huntsman Elite is a premium gaming keyboard with Razer Opto-Mechanical switches, customizable Chroma RGB lighting, and plush wrist rest, offering speed, durability, and comfort for competitive gamers.', 120, 0, '2023-07-15 08:50:00', '2023-11-15 08:50:00'),
(60, 'Sony X750H 65-inch 4K TV', 'sony-x750h-65-inch-4k-tv', 20, NULL, NULL, 60, 12000000, 0, 10000000, 'The Sony X750H is a 65-inch 4K TV with HDR support, Motionflow XR technology, and Android TV platform, delivering vivid visuals and smart entertainment options for living room enjoyment.', 50, 0, '2023-07-15 08:55:00', '2023-11-15 08:55:00'),
(61, 'OnePlus 10 Pro 5G', 'oneplus-10-pro-5g', 1, NULL, NULL, 61, 28000000, 0, 25000000, 'The OnePlus 10 Pro 5G features a Snapdragon 8 Gen 2 processor, Hasselblad-tuned camera system, and Fluid AMOLED display, offering flagship performance and photography capabilities for users.', 80, 0, '2023-07-15 09:00:00', '2023-11-15 09:00:00'),
(62, 'Roku Streambar Pro', 'roku-streambar-pro', 2, NULL, NULL, 62, 2500000, 0, 2000000, 'The Roku Streambar Pro is a 2-in-1 streaming player and soundbar with 4K HDR support, Dolby Audio, and built-in voice remote, providing enhanced audio and streaming options for home entertainment.', 100, 0, '2023-07-15 09:05:00', '2023-11-15 09:05:00'),
(63, 'Samsung Odyssey G9 49-inch Ultrawide Gaming Monitor', 'samsung-odyssey-g9-49-inch-ultrawide-gaming-monitor', 3, NULL, NULL, 63, 24000000, 0, 22000000, 'The Samsung Odyssey G9 is a 49-inch ultrawide gaming monitor with 240Hz refresh rate, 1000R curvature, and Quantum dot technology, offering immersive visuals and smooth gameplay for competitive gamers.', 40, 0, '2023-07-15 09:10:00', '2023-11-15 09:10:00'),
(64, 'Bose QuietComfort Earbuds', 'bose-quietcomfort-earbuds', 4, NULL, NULL, 64, 2000000, 0, 1700000, 'The Bose QuietComfort Earbuds feature active noise cancellation, StayHear Max tips, and IPX4 water resistance, providing immersive sound and secure fit for all-day comfort and convenience.', 150, 0, '2023-07-15 09:15:00', '2023-11-15 09:15:00'),
(65, 'Alienware AW3423DW 34-inch Ultrawide Gaming Monitor', 'alienware-aw3423dw-34-inch-ultrawide-gaming-monitor', 5, NULL, NULL, 65, 22000000, 0, 20000000, 'The Alienware AW3423DW is a 34-inch ultrawide gaming monitor with QD-OLED technology, 175Hz refresh rate, and Nvidia Reflex support, offering stunning visuals and responsive gameplay for immersive gaming experiences.', 60, 0, '2023-07-15 09:20:00', '2023-11-15 09:20:00'),
(66, 'JBL Flip 6 Portable Bluetooth Speaker', 'jbl-flip-6-portable-bluetooth-speaker', 6, NULL, NULL, 66, 1500000, 0, 1200000, 'The JBL Flip 6 is a portable Bluetooth speaker with IP67 waterproof rating, PartyBoost technology, and 12 hours of battery life, providing powerful sound and durability for outdoor adventures.', 200, 0, '2023-07-15 09:25:00', '2023-11-15 09:25:00'),
(67, 'Xbox Series Z Gaming Console', 'xbox-series-z-gaming-console', 7, NULL, NULL, 67, 45000000, 0, 40000000, 'The Xbox Series Z is a next-generation gaming console with AMD Zen 5 architecture, RDNA 3 graphics, and Game Pass Ultimate, offering unparalleled gaming performance and content variety for gamers.', 30, 0, '2023-07-15 09:30:00', '2023-11-15 09:30:00'),
(68, 'DJI OM 5 Smartphone Gimbal', 'dji-om-5-smartphone-gimbal', 8, NULL, NULL, 68, 2000000, 0, 1700000, 'The DJI OM 5 is a smartphone gimbal with built-in selfie stick, ActiveTrack 4.0, and Gesture Control, providing stable and creative video recording capabilities for content creators and vloggers.', 100, 0, '2023-07-15 09:35:00', '2023-11-15 09:35:00'),
(69, 'Samsung Galaxy Tab S8 Ultra', 'samsung-galaxy-tab-s8-ultra', 9, NULL, NULL, 69, 20000000, 0, 17000000, 'The Samsung Galaxy Tab S8 Ultra features a 14.6-inch Super AMOLED display, Snapdragon 8 Gen 2 processor, and S Pen support, offering powerful productivity and entertainment capabilities for users.', 50, 0, '2023-07-15 09:40:00', '2023-11-15 09:40:00'),
(70, 'Razer Blade 17 Pro Gaming Laptop', 'razer-blade-17-pro-gaming-laptop', 10, NULL, NULL, 70, 35000000, 0, 30000000, 'The Razer Blade 17 Pro is a high-performance gaming laptop with Intel Core i9 processor, Nvidia GeForce RTX 3080 graphics, and 4K display, providing desktop-class gaming performance in a sleek and portable form factor.', 80, 0, '2023-07-15 09:45:00', '2023-11-15 09:45:00'),
(71, 'Sony Alpha A7 IV Mirrorless Camera', 'sony-alpha-a7-iv-mirrorless-camera', 11, NULL, NULL, 71, 25000000, 0, 22000000, 'The Sony Alpha A7 IV is a full-frame mirrorless camera with 33MP sensor, 4K video recording, and 5-axis in-body image stabilization, offering high-resolution stills and videos for professional photographers and videographers.', 50, 0, '2023-07-15 09:50:00', '2023-11-15 09:50:00'),
(72, 'Apple Mac Studio', 'apple-mac-studio', 12, NULL, NULL, 72, 45000000, 0, 40000000, 'The Apple Mac Studio features M1 Max or M1 Ultra chip, up to 128GB of unified memory, and studio-quality connectivity options, offering unmatched performance and versatility for creative professionals.', 30, 0, '2023-07-15 09:55:00', '2023-11-15 09:55:00'),
(73, 'Samsung Odyssey G5 27-inch QHD Gaming Monitor', 'samsung-odyssey-g5-27-inch-qhd-gaming-monitor', 13, NULL, NULL, 73, 6000000, 0, 5500000, 'The Samsung Odyssey G5 is a 27-inch QHD gaming monitor with 144Hz refresh rate, 1ms response time, and AMD FreeSync Premium, offering smooth gameplay and immersive visuals for gamers.', 80, 0, '2023-07-15 10:00:00', '2023-11-15 10:00:00'),
(74, 'Amazon Echo Show 15', 'amazon-echo-show-15', 14, NULL, NULL, 74, 3000000, 0, 2500000, 'The Amazon Echo Show 15 is a 15.6-inch smart display with Alexa voice assistant, HD camera, and motion sensing, providing visual and interactive experiences for smart home control, entertainment, and communication.', 100, 0, '2023-07-15 10:05:00', '2023-11-15 10:05:00'),
(75, 'Logitech MX Keys Mini Wireless Keyboard', 'logitech-mx-keys-mini-wireless-keyboard', 15, NULL, NULL, 75, 1500000, 0, 1200000, 'The Logitech MX Keys Mini is a compact wireless keyboard with low-profile keys, smart backlighting, and USB-C rechargeability, offering comfortable typing and seamless connectivity for productivity.', 150, 0, '2023-07-15 10:10:00', '2023-11-15 10:10:00'),
(76, 'Fitbit Charge 5 Fitness Tracker', 'fitbit-charge-5-fitness-tracker', 16, NULL, NULL, 76, 2000000, 0, 1700000, 'The Fitbit Charge 5 is a fitness tracker with built-in GPS, heart rate monitoring, and EDA sensor, offering advanced health insights and activity tracking for fitness enthusiasts.', 100, 0, '2023-07-15 10:15:00', '2023-11-15 10:15:00'),
(77, 'Samsung Galaxy Book Pro 360 15-inch', 'samsung-galaxy-book-pro-360-15-inch', 17, NULL, NULL, 77, 35000000, 0, 30000000, 'The Samsung Galaxy Book Pro 360 is a 15-inch convertible laptop with AMOLED display, Intel Evo platform, and S Pen support, offering versatile productivity and entertainment options for users on the go.', 80, 0, '2023-07-15 10:20:00', '2023-11-15 10:20:00'),
(78, 'Canon EOS R5 C Cinema Camera', 'canon-eos-r5-c-cinema-camera', 18, NULL, NULL, 78, 40000000, 0, 35000000, 'The Canon EOS R5 C is a cinema camera with 8K RAW video recording, Dual Pixel CMOS AF, and 5-axis in-body image stabilization, offering cinematic-quality video and versatile shooting capabilities for filmmakers.', 30, 0, '2023-07-15 10:25:00', '2023-11-15 10:25:00'),
(79, 'Sony WH-1000XM4 Wireless Noise-Canceling Headphones', 'sony-wh-1000xm4-wireless-noise-canceling-headphones', 19, NULL, NULL, 79, 3000000, 0, 2500000, 'The Sony WH-1000XM4 headphones feature industry-leading noise cancellation, LDAC audio coding, and 30-hour battery life, providing immersive sound and all-day comfort for music lovers and travelers.', 150, 0, '2023-07-15 10:30:00', '2023-11-15 10:30:00'),
(80, 'Microsoft Surface Duo 2', 'microsoft-surface-duo-2', 20, NULL, NULL, 80, 28000000, 0, 25000000, 'The Microsoft Surface Duo 2 features dual AMOLED displays, Snapdragon 888 processor, and Surface Slim Pen 2 support, offering enhanced productivity and creativity on a versatile 2-in-1 device.', 50, 0, '2023-07-15 10:35:00', '2023-11-15 10:35:00'),
(81, 'Xiaomi Mi 11 Ultra', 'xiaomi-mi-11-ultra', 1, NULL, NULL, 81, 25000000, 0, 22000000, 'The Xiaomi Mi 11 Ultra features a Snapdragon 888 processor, 120Hz AMOLED display, and 50MP triple camera system, offering flagship performance and photography capabilities for users.', 80, 0, '2023-07-15 10:40:00', '2023-11-15 10:40:00'),
(82, 'HP Spectre x360 14 Convertible Laptop', 'hp-spectre-x360-14-convertible-laptop', 2, NULL, NULL, 82, 30000000, 0, 25000000, 'The HP Spectre x360 14 is a premium convertible laptop with OLED display, 11th Gen Intel Core processor, and stylus pen support, offering versatility and performance for productivity and creativity.', 70, 0, '2023-07-15 10:45:00', '2023-11-15 10:45:00'),
(83, 'JBL Charge 5 Portable Bluetooth Speaker', 'jbl-charge-5-portable-bluetooth-speaker', 3, NULL, NULL, 83, 2500000, 0, 2000000, 'The JBL Charge 5 is a portable Bluetooth speaker with IP67 waterproof rating, PartyBoost technology, and 20 hours of battery life, providing powerful sound and long-lasting performance for outdoor adventures.', 200, 0, '2023-07-15 10:50:00', '2023-11-15 10:50:00'),
(84, 'Acer Predator Helios 300 Gaming Laptop', 'acer-predator-helios-300-gaming-laptop', 4, NULL, NULL, 84, 25000000, 0, 22000000, 'The Acer Predator Helios 300 is a gaming laptop with Intel Core i7 processor, NVIDIA GeForce RTX 3060 graphics, and 240Hz display, offering high-performance gaming and multitasking capabilities for gamers.', 80, 0, '2023-07-15 10:55:00', '2023-11-15 10:55:00'),
(85, 'Samsung Galaxy Buds Pro', 'samsung-galaxy-buds-pro', 5, NULL, NULL, 85, 2500000, 0, 2000000, 'The Samsung Galaxy Buds Pro feature active noise cancellation, IPX7 water resistance, and 360 Audio, providing immersive sound and comfortable fit for music lovers and active users.', 150, 0, '2023-07-15 11:00:00', '2023-11-15 11:00:00'),
(86, 'Lenovo Legion 5 Pro Gaming Laptop', 'lenovo-legion-5-pro-gaming-laptop', 6, NULL, NULL, 86, 28000000, 0, 25000000, 'The Lenovo Legion 5 Pro is a gaming laptop with AMD Ryzen 7 processor, NVIDIA GeForce RTX 3070 graphics, and 165Hz display, offering high-refresh-rate gaming and powerful performance for gamers.', 80, 0, '2023-07-15 11:05:00', '2023-11-15 11:05:00'),
(87, 'Sony WF-1000XM4 True Wireless Noise-Canceling Earbuds', 'sony-wf-1000xm4-true-wireless-noise-canceling-earbuds', 7, NULL, NULL, 87, 3000000, 0, 2500000, 'The Sony WF-1000XM4 earbuds feature industry-leading noise cancellation, LDAC audio coding, and 8 hours of battery life, providing immersive sound and all-day comfort for music lovers and travelers.', 150, 0, '2023-07-15 11:10:00', '2023-11-15 11:10:00'),
(88, 'Google Nest Hub Max', 'google-nest-hub-max', 8, NULL, NULL, 88, 2500000, 0, 2000000, 'The Google Nest Hub Max is a smart display with Google Assistant, 10-inch HD screen, and built-in Nest Cam, providing visual and interactive experiences for smart home control, entertainment, and communication.', 100, 0, '2023-07-15 11:15:00', '2023-11-15 11:15:00'),
(89, 'Alienware Aurora R14 Gaming Desktop', 'alienware-aurora-r14-gaming-desktop', 9, NULL, NULL, 89, 40000000, 0, 35000000, 'The Alienware Aurora R14 is a gaming desktop with AMD Ryzen 9 processor, NVIDIA GeForce RTX 3080 Ti graphics, and customizable RGB lighting, offering high-performance gaming and immersive visuals for enthusiasts.', 30, 0, '2023-07-15 11:20:00', '2023-11-15 11:20:00'),
(90, 'Samsung Galaxy Watch 4 Classic', 'samsung-galaxy-watch-4-classic', 10, NULL, NULL, 90, 5000000, 0, 4500000, 'The Samsung Galaxy Watch 4 Classic features a rotating bezel, advanced health monitoring, and Wear OS by Google, offering premium design and fitness tracking for active users.', 100, 0, '2023-07-15 11:25:00', '2023-11-15 11:25:00'),
(91, 'Bose SoundLink Flex Bluetooth Speaker', 'bose-soundlink-flex-bluetooth-speaker', 11, NULL, NULL, 91, 1500000, 0, 1200000, 'The Bose SoundLink Flex is a portable Bluetooth speaker with IP67 waterproof rating, 360-degree sound, and 12 hours of battery life, providing rugged durability and powerful sound for outdoor adventures.', 200, 0, '2023-07-15 11:30:00', '2023-11-15 11:30:00'),
(92, 'Apple Watch Series 7', 'apple-watch-series-7', 12, NULL, NULL, 92, 6000000, 0, 5500000, 'The Apple Watch Series 7 features a larger always-on Retina display, advanced health sensors, and fast charging, offering enhanced fitness tracking and smartwatch capabilities for active users.', 100, 0, '2023-07-15 11:35:00', '2023-11-15 11:35:00'),
(93, 'Dell XPS 15 Laptop', 'dell-xps-15-laptop', 13, NULL, NULL, 93, 30000000, 0, 25000000, 'The Dell XPS 15 is a premium laptop with 4K OLED display, Intel Core i9 processor, and Nvidia GeForce RTX 3050 Ti graphics, offering powerful performance and stunning visuals for content creation and entertainment.', 80, 0, '2023-07-15 11:40:00', '2023-11-15 11:40:00'),
(94, 'GoPro HERO10 Black Action Camera', 'gopro-hero10-black-action-camera', 14, NULL, NULL, 94, 4000000, 0, 3500000, 'The GoPro HERO10 Black is an action camera with 5.3K video recording, HyperSmooth 4.0 stabilization, and TimeWarp 4.0, offering smooth and detailed footage for adventurers and content creators.', 100, 0, '2023-07-15 11:45:00', '2023-11-15 11:45:00'),
(95, 'ASUS ROG Strix Scar 15 Gaming Laptop', 'asus-rog-strix-scar-15-gaming-laptop', 15, NULL, NULL, 95, 35000000, 0, 30000000, 'The ASUS ROG Strix Scar 15 is a gaming laptop with AMD Ryzen 9 processor, NVIDIA GeForce RTX 3080 graphics, and 300Hz display, offering high-refresh-rate gaming and competitive performance for esports enthusiasts.', 80, 0, '2023-07-15 11:50:00', '2023-11-15 11:50:00'),
(96, 'Garmin Fenix 7 Multisport GPS Watch', 'garmin-fenix-7-multisport-gps-watch', 16, NULL, NULL, 96, 5000000, 0, 4500000, 'The Garmin Fenix 7 is a multisport GPS watch with solar charging, Pulse Ox sensor, and VO2 max tracking, offering advanced fitness metrics and outdoor navigation features for athletes and adventurers.', 100, 0, '2023-07-15 11:55:00', '2023-11-15 11:55:00'),
(97, 'LG Gram 17 Laptop', 'lg-gram-17-laptop', 17, NULL, NULL, 97, 28000000, 0, 25000000, 'The LG Gram 17 is an ultra-lightweight laptop with 17-inch WQXGA display, Intel Core i7 processor, and long-lasting battery life, offering portability and productivity for professionals on the move.', 70, 0, '2023-07-15 12:00:00', '2023-11-15 12:00:00'),
(98, 'Roku Ultra Streaming Media Player', 'roku-ultra-streaming-media-player', 18, NULL, NULL, 98, 2000000, 0, 1700000, 'The Roku Ultra is a streaming media player with 4K HDR support, Dolby Vision, and voice remote, offering access to thousands of channels and streaming services for an immersive entertainment experience.', 100, 0, '2023-07-15 12:05:00', '2023-11-15 12:05:00'),
(99, 'DJI Air 2S Drone', 'dji-air-2s-drone', 19, NULL, NULL, 99, 18000000, 0, 15000000, 'The DJI Air 2S is a compact drone with 1-inch CMOS sensor, 5.4K video recording, and intelligent shooting modes, offering professional-quality aerial photography and videography for enthusiasts and professionals.', 50, 0, '2023-07-15 12:10:00', '2023-11-15 12:10:00'),
(100, 'Microsoft Surface Laptop Studio', 'microsoft-surface-laptop-studio', 20, NULL, NULL, 100, 40000000, 0, 35000000, 'The Microsoft Surface Laptop Studio features a versatile design, 120Hz PixelSense Flow display, and Nvidia RTX graphics, offering creativity and performance for designers and creators.', 40, 0, '2023-07-15 12:15:00', '2023-11-15 12:15:00'),
(101, 'Apple AirPods Pro', 'apple-airpods-pro', 14, NULL, NULL, 101, 3500000, 0, 3000000, 'The Apple AirPods Pro feature active noise cancellation, Transparency mode, and customizable fit, providing immersive sound and comfortable listening experience for music lovers and audiophiles.', 150, 0, '2023-07-15 12:20:00', '2023-11-15 12:20:00'),
(102, 'HP Envy x360 15 Convertible Laptop', 'hp-envy-x360-15-convertible-laptop', 15, NULL, NULL, 102, 30000000, 0, 25000000, 'The HP Envy x360 15 is a convertible laptop with AMD Ryzen 7 processor, AMD Radeon graphics, and 4K OLED display, offering versatility and performance for productivity and entertainment.', 70, 0, '2023-07-15 12:25:00', '2023-11-15 12:25:00'),
(103, 'Canon EOS R6 Mirrorless Camera', 'canon-eos-r6-mirrorless-camera', 22, NULL, NULL, 103, 30000000, 0, 25000000, 'The Canon EOS R6 is a full-frame mirrorless camera with 20.1MP sensor, 4K video recording, and 5-axis in-body image stabilization, offering high-quality stills and videos for enthusiasts and professionals.', 50, 0, '2023-07-15 12:30:00', '2023-11-15 12:30:00'),
(104, 'Samsung Galaxy Tab S8 Ultra', 'samsung-galaxy-tab-s8-ultra', 14, NULL, NULL, 104, 30000000, 0, 25000000, 'The Samsung Galaxy Tab S8 Ultra features a 14.6-inch OLED display, Snapdragon 8cx Gen 3 processor, and S Pen support, offering productivity and entertainment in a large-screen tablet format.', 50, 0, '2023-07-15 12:35:00', '2023-11-15 12:35:00'),
(105, 'Sony X90J 4K HDR LED TV', 'sony-x90j-4k-hdr-led-tv', 19, NULL, NULL, 105, 50000000, 0, 45000000, 'The Sony X90J is a 4K HDR LED TV with Full Array LED, XR Triluminos Pro, and Google TV, offering immersive visuals and smart entertainment features for a cinematic viewing experience at home.', 30, 0, '2023-07-15 12:40:00', '2023-11-15 12:40:00'),
(106, 'OnePlus 10 Pro 5G', 'oneplus-10-pro-5g', 13, NULL, NULL, 106, 28000000, 0, 25000000, 'The OnePlus 10 Pro 5G features a Snapdragon 8 Gen 1 processor, 120Hz Fluid AMOLED display, and Hasselblad quad camera system, offering flagship performance and photography capabilities for users.', 80, 0, '2023-07-15 12:45:00', '2023-11-15 12:45:00'),
(107, 'Bose Noise Cancelling Headphones 700', 'bose-noise-cancelling-headphones-700', 14, NULL, NULL, 107, 4000000, 0, 3500000, 'The Bose Noise Cancelling Headphones 700 feature adaptive noise cancellation, intuitive touch controls, and up to 20 hours of battery life, providing immersive sound and comfortable listening experience for music lovers and travelers.', 150, 0, '2023-07-15 12:50:00', '2023-11-15 12:50:00'),
(108, 'Garmin Forerunner 945 LTE Smartwatch', 'garmin-forerunner-945-lte-smartwatch', 14, NULL, NULL, 108, 4500000, 0, 4000000, 'The Garmin Forerunner 945 LTE is a GPS smartwatch with LTE connectivity, advanced training features, and heart rate monitoring, offering enhanced fitness tracking and safety features for athletes and outdoor enthusiasts.', 100, 0, '2023-07-15 12:55:00', '2023-11-15 12:55:00'),
(109, 'Xiaomi Redmi Note 11 Pro', 'xiaomi-redmi-note-11-pro', 11, NULL, NULL, 109, 15000000, 0, 12000000, 'The Xiaomi Redmi Note 11 Pro features a MediaTek Dimensity 920 processor, 120Hz AMOLED display, and 108MP quad camera system, offering impressive performance and photography capabilities for users.', 80, 0, '2023-07-15 13:00:00', '2023-11-15 13:00:00'),
(110, 'LG C1 4K OLED TV', 'lg-c1-4k-oled-tv', 19, NULL, NULL, 110, 45000000, 0, 40000000, 'The LG C1 is a 4K OLED TV with α9 Gen 4 AI processor, Dolby Vision IQ, and HDMI 2.1 ports, offering stunning visuals and immersive sound for a cinematic viewing experience at home.', 30, 0, '2023-07-15 13:05:00', '2023-11-15 13:05:00'),
(111, 'Fitbit Versa 3 Smartwatch', 'fitbit-versa-3-smartwatch', 14, NULL, NULL, 111, 2500000, 0, 2000000, 'The Fitbit Versa 3 is a smartwatch with built-in GPS, heart rate monitoring, and Active Zone Minutes, offering advanced health and fitness tracking for active lifestyles.', 100, 0, '2023-07-15 13:10:00', '2023-11-15 13:10:00'),
(112, 'Lenovo Legion Y740 Gaming Laptop', 'lenovo-legion-y740-gaming-laptop', 15, NULL, NULL, 112, 25000000, 0, 22000000, 'The Lenovo Legion Y740 is a gaming laptop with Intel Core i7 processor, NVIDIA GeForce RTX 2070 graphics, and 144Hz display, offering high-performance gaming and immersive visuals for enthusiasts.', 80, 0, '2023-07-15 13:15:00', '2023-11-15 13:15:00'),
(113, 'Amazon Kindle Paperwhite', 'amazon-kindle-paperwhite', 12, NULL, NULL, 113, 2500000, 0, 2000000, 'The Amazon Kindle Paperwhite features a 6.8-inch glare-free display, adjustable warm light, and waterproof design, offering a comfortable reading experience indoors and outdoors.', 150, 0, '2023-07-15 13:20:00', '2023-11-15 13:20:00'),
(114, 'Google Pixel 6 Pro', 'google-pixel-6-pro', 11, NULL, NULL, 114, 28000000, 0, 25000000, 'The Google Pixel 6 Pro features a Tensor chip, 120Hz LTPO OLED display, and 50MP triple camera system, offering advanced AI capabilities and photography features for users.', 80, 0, '2023-07-15 13:25:00', '2023-11-15 13:25:00'),
(115, 'Bose SoundSport Free Wireless Earbuds', 'bose-soundsport-free-wireless-earbuds', 14, NULL, NULL, 115, 2000000, 0, 1700000, 'The Bose SoundSport Free are wireless earbuds with secure fit, sweat resistance, and up to 5 hours of battery life, providing freedom of movement and immersive sound for active users.', 150, 0, '2023-07-15 13:30:00', '2023-11-15 13:30:00'),
(116, 'ASUS ROG Swift PG279QM Gaming Monitor', 'asus-rog-swift-pg279qm-gaming-monitor', 13, NULL, NULL, 116, 7000000, 0, 6500000, 'The ASUS ROG Swift PG279QM is a gaming monitor with 1440p resolution, 240Hz refresh rate, and NVIDIA G-SYNC Ultimate, offering smooth and immersive gaming experience for enthusiasts.', 50, 0, '2023-07-15 13:35:00', '2023-11-15 13:35:00'),
(117, 'Sony Alpha 7 IV Mirrorless Camera', 'sony-alpha-7-iv-mirrorless-camera', 22, NULL, NULL, 117, 60000000, 0, 55000000, 'The Sony Alpha 7 IV is a full-frame mirrorless camera with 33MP sensor, 4K video recording, and real-time Eye AF, offering high-resolution stills and videos for enthusiasts and professionals.', 30, 0, '2023-07-15 13:40:00', '2023-11-15 13:40:00'),
(118, 'Apple MacBook Pro 14', 'apple-macbook-pro-14', 15, NULL, NULL, 118, 40000000, 0, 35000000, 'The Apple MacBook Pro 14 features the M1 Pro chip, Liquid Retina XDR display, and up to 32GB of unified memory, offering exceptional performance and stunning visuals for professionals.', 40, 0, '2023-07-15 13:45:00', '2023-11-15 13:45:00'),
(119, 'Samsung Odyssey G9 Gaming Monitor', 'samsung-odyssey-g9-gaming-monitor', 10, NULL, NULL, 119, 12000000, 0, 10000000, 'The Samsung Odyssey G9 is a gaming monitor with 49-inch DQHD display, 240Hz refresh rate, and 1000R curvature, offering immersive and responsive gaming experience for enthusiasts.', 50, 0, '2023-07-15 13:50:00', '2023-11-15 13:50:00'),
(120, 'Microsoft Surface Go 3', 'microsoft-surface-go-3', 15, NULL, NULL, 120, 15000000, 0, 12000000, 'The Microsoft Surface Go 3 features a 10.5-inch PixelSense display, Intel Pentium Gold processor, and LTE connectivity, offering versatility and portability for productivity and entertainment.', 100, 0, '2023-07-15 13:55:00', '2023-11-15 13:55:00'),
(121, 'Fitbit Charge 5 Fitness Tracker', 'fitbit-charge-5-fitness-tracker', 11, NULL, NULL, 121, 2000000, 0, 1700000, 'The Fitbit Charge 5 is a fitness tracker with built-in GPS, heart rate monitoring, and EDA sensor, offering advanced health and wellness insights for active lifestyles.', 100, 0, '2023-07-15 14:00:00', '2023-11-15 14:00:00'),
(122, 'Canon EOS-1D X Mark III DSLR Camera', 'canon-eos-1d-x-mark-iii-dslr-camera', 22, NULL, NULL, 122, 90000000, 0, 85000000, 'The Canon EOS-1D X Mark III is a flagship DSLR camera with 20.1MP full-frame sensor, 5.5K RAW video recording, and Dual Pixel CMOS AF, offering high-speed performance and image quality for professional photographers.', 20, 0, '2023-07-15 14:05:00', '2023-11-15 14:05:00'),
(123, 'Xiaomi Poco F4', 'xiaomi-poco-f4', 11, NULL, NULL, 123, 18000000, 0, 15000000, 'The Xiaomi Poco F4 features a Snapdragon 870 processor, 120Hz AMOLED display, and 108MP triple camera system, offering flagship performance and photography capabilities at an affordable price.', 80, 0, '2023-07-15 14:10:00', '2023-11-15 14:10:00'),
(124, 'Logitech G Pro X Superlight Wireless Gaming Mouse', 'logitech-g-pro-x-superlight-wireless-gaming-mouse', 13, NULL, NULL, 124, 3000000, 0, 2500000, 'The Logitech G Pro X Superlight is a wireless gaming mouse with HERO sensor, LIGHTSPEED wireless technology, and 70-hour battery life, offering lightweight and responsive performance for esports enthusiasts.', 200, 0, '2023-07-15 14:15:00', '2023-11-15 14:15:00'),
(125, 'Apple iPad Air (5th Generation)', 'apple-ipad-air-5th-generation', 13, NULL, NULL, 125, 15000000, 0, 12000000, 'The Apple iPad Air (5th Generation) features a 10.9-inch Liquid Retina display, A15 Bionic chip, and Apple Pencil support, offering powerful performance and versatility for productivity and creativity.', 100, 0, '2023-07-15 14:20:00', '2023-11-15 14:20:00'),
(126, 'Sony WH-1000XM4 Wireless Noise Cancelling Headphones', 'sony-wh-1000xm4-wireless-noise-cancelling-headphones', 14, NULL, NULL, 126, 5000000, 0, 4500000, 'The Sony WH-1000XM4 are wireless noise cancelling headphones with LDAC support, 30-hour battery life, and Speak-to-Chat feature, offering immersive sound and smart listening experience for music lovers and travelers.', 150, 0, '2023-07-15 14:25:00', '2023-11-15 14:25:00'),
(127, 'Acer Predator Helios 300 Gaming Laptop', 'acer-predator-helios-300-gaming-laptop', 15, NULL, NULL, 127, 25000000, 0, 22000000, 'The Acer Predator Helios 300 is a gaming laptop with Intel Core i7 processor, NVIDIA GeForce RTX 3070 graphics, and 240Hz display, offering high-performance gaming and immersive visuals for enthusiasts.', 80, 0, '2023-07-15 14:30:00', '2023-11-15 14:30:00'),
(128, 'Amazon Echo Show 15', 'amazon-echo-show-15', 10, NULL, NULL, 128, 2500000, 0, 2000000, 'The Amazon Echo Show 15 features a 15.6-inch display, Alexa voice assistant, and smart home control, offering visual and voice interactions for entertainment, communication, and productivity.', 100, 0, '2023-07-15 14:35:00', '2023-11-15 14:35:00'),
(129, 'Samsung Galaxy Book Pro 360 Laptop', 'samsung-galaxy-book-pro-360-laptop', 15, NULL, NULL, 129, 35000000, 0, 30000000, 'The Samsung Galaxy Book Pro 360 is a convertible laptop with AMOLED touchscreen, Intel Core i7 processor, and S Pen support, offering versatility and performance for productivity and creativity.', 70, 0, '2023-07-15 14:40:00', '2023-11-15 14:40:00'),
(130, 'NVIDIA GeForce RTX 3090 Graphics Card', 'nvidia-geforce-rtx-3090-graphics-card', 20, NULL, NULL, 130, 50000000, 0, 45000000, 'The NVIDIA GeForce RTX 3090 is a graphics card with Ampere architecture, 24GB GDDR6X memory, and real-time ray tracing, offering high-performance gaming and rendering capabilities for enthusiasts and professionals.', 50, 0, '2023-07-15 14:45:00', '2023-11-15 14:45:00'),
(131, 'Google Nest Hub (2nd Generation)', 'google-nest-hub-2nd-generation', 12, NULL, NULL, 131, 2000000, 0, 1700000, 'The Google Nest Hub (2nd Generation) features a 7-inch touchscreen, Google Assistant, and smart home control, offering voice and touch interactions for entertainment, communication, and productivity.', 100, 0, '2023-07-15 14:50:00', '2023-11-15 14:50:00'),
(132, 'Razer Huntsman Elite Gaming Keyboard', 'razer-huntsman-elite-gaming-keyboard', 13, NULL, NULL, 132, 4000000, 0, 3500000, 'The Razer Huntsman Elite is a gaming keyboard with opto-mechanical switches, customizable RGB lighting, and magnetic wrist rest, offering responsive and immersive gaming experience for enthusiasts.', 200, 0, '2023-07-15 14:55:00', '2023-11-15 14:55:00'),
(133, 'Apple iPhone SE (3rd Generation)', 'apple-iphone-se-3rd-generation', 16, NULL, NULL, 133, 13000000, 0, 10000000, 'The Apple iPhone SE (3rd Generation) features the A15 Bionic chip, 5G connectivity, and compact design, offering powerful performance and advanced features in a familiar form factor.', 100, 0, '2023-07-15 15:00:00', '2023-11-15 15:00:00'),
(134, 'Bose Solo Soundbar Series II', 'bose-solo-soundbar-series-ii', 22, NULL, NULL, 134, 3500000, 0, 3000000, 'The Bose Solo Soundbar Series II features Bluetooth connectivity, dialogue mode, and easy setup, offering clear and balanced sound for TV shows, movies, and music.', 100, 0, '2023-07-15 15:05:00', '2023-11-15 15:05:00'),
(135, 'Dell Alienware Aurora R13 Gaming Desktop', 'dell-alienware-aurora-r13-gaming-desktop', 20, NULL, NULL, 135, 50000000, 0, 45000000, 'The Dell Alienware Aurora R13 is a gaming desktop with Intel Core i9 processor, NVIDIA GeForce RTX 3080 Ti graphics, and liquid cooling, offering high-performance gaming and VR experiences for enthusiasts.', 30, 0, '2023-07-15 15:10:00', '2023-11-15 15:10:00'),
(136, 'LG OLED C1 4K Smart TV', 'lg-oled-c1-4k-smart-tv', 23, NULL, NULL, 136, 55000000, 0, 50000000, 'The LG OLED C1 is a 4K Smart TV with α9 Gen 4 AI processor, Dolby Vision IQ, and HDMI 2.1 ports, offering stunning visuals and immersive sound for a cinematic viewing experience at home.', 30, 0, '2023-07-15 15:15:00', '2023-11-15 15:15:00'),
(137, 'JBL Flip 6 Portable Bluetooth Speaker', 'jbl-flip-6-portable-bluetooth-speaker', 14, NULL, NULL, 137, 1500000, 0, 1200000, 'The JBL Flip 6 is a portable Bluetooth speaker with IP67 waterproof rating, PartyBoost feature, and 12 hours of battery life, offering powerful sound and durable design for outdoor adventures and parties.', 200, 0, '2023-07-15 15:20:00', '2023-11-15 15:20:00'),
(138, 'Microsoft Surface Laptop Studio', 'microsoft-surface-laptop-studio', 15, NULL, NULL, 138, 45000000, 0, 40000000, 'The Microsoft Surface Laptop Studio features a 14.4-inch PixelSense touchscreen, Intel Core i7 processor, and NVIDIA GeForce RTX 3050 Ti GPU, offering versatile performance and creativity for professionals.', 50, 0, '2023-07-15 15:25:00', '2023-11-15 15:25:00'),
(139, 'GoPro HERO10 Black Action Camera', 'gopro-hero10-black-action-camera', 22, NULL, NULL, 139, 7000000, 0, 6500000, 'The GoPro HERO10 Black is an action camera with 5.3K video recording, HyperSmooth 4.0 stabilization, and TimeWarp 4.0 feature, offering high-quality footage and versatile shooting modes for adventurers.', 100, 0, '2023-07-15 15:30:00', '2023-11-15 15:30:00'),
(140, 'HP Pavilion Gaming Desktop', 'hp-pavilion-gaming-desktop', 22, NULL, NULL, 140, 25000000, 0, 22000000, 'The HP Pavilion Gaming Desktop features AMD Ryzen 7 processor, NVIDIA GeForce GTX 1660 Super graphics, and customizable RGB lighting, offering powerful gaming performance and upgrade options for enthusiasts.', 50, 0, '2023-07-15 15:35:00', '2023-11-15 15:35:00'),
(141, 'Sony WF-1000XM4 Wireless Noise Cancelling Earbuds', 'sony-wf-1000xm4-wireless-noise-cancelling-earbuds', 14, NULL, NULL, 141, 3500000, 0, 3000000, 'The Sony WF-1000XM4 are wireless noise cancelling earbuds with LDAC support, 8 hours of battery life, and IPX4 water resistance, offering immersive sound and smart listening experience for music lovers and travelers.', 150, 0, '2023-07-15 15:40:00', '2023-11-15 15:40:00'),
(142, 'DJI Air 2S Drone', 'dji-air-2s-drone', 15, NULL, NULL, 142, 20000000, 0, 17000000, 'The DJI Air 2S is a drone with 1-inch CMOS sensor, 5.4K video recording, and intelligent flight modes, offering professional-quality aerial photography and videography for enthusiasts and professionals.', 50, 0, '2023-07-15 15:45:00', '2023-11-15 15:45:00'),
(143, 'Apple Watch Series 7', 'apple-watch-series-7', 16, NULL, NULL, 143, 5000000, 0, 4500000, 'The Apple Watch Series 7 features an Always-On Retina display, blood oxygen sensor, and ECG app, offering advanced health and fitness tracking for active lifestyles.', 100, 0, '2023-07-15 15:50:00', '2023-11-15 15:50:00'),
(144, 'Lenovo Yoga 9i 2-in-1 Laptop', 'lenovo-yoga-9i-2-in-1-laptop', 15, NULL, NULL, 144, 40000000, 0, 35000000, 'The Lenovo Yoga 9i is a 2-in-1 laptop with 14-inch 4K touchscreen, Intel Core i7 processor, and NVIDIA GeForce GTX 1650 GPU, offering versatility and performance for productivity and creativity.', 50, 0, '2023-07-15 15:55:00', '2023-11-15 15:55:00'),
(145, 'Bose QuietComfort 45 Wireless Noise Cancelling Headphones', 'bose-quietcomfort-45-wireless-noise-cancelling-headphones', 14, NULL, NULL, 145, 4000000, 0, 3500000, 'The Bose QuietComfort 45 are wireless noise cancelling headphones with Bluetooth connectivity, up to 24 hours of battery life, and customizable noise cancellation, offering immersive sound and quiet comfort for music lovers and travelers.', 150, 0, '2023-07-15 16:00:00', '2023-11-15 16:00:00'),
(146, 'Samsung Odyssey G3 Gaming Monitor', 'samsung-odyssey-g3-gaming-monitor', 10, NULL, NULL, 146, 6000000, 0, 5500000, 'The Samsung Odyssey G3 is a gaming monitor with 27-inch Full HD display, 144Hz refresh rate, and AMD FreeSync support, offering smooth and responsive gaming experience for enthusiasts.', 50, 0, '2023-07-15 16:05:00', '2023-11-15 16:05:00'),
(147, 'Microsoft Xbox Series X', 'microsoft-xbox-series-x', 16, NULL, NULL, 147, 10000000, 0, 8500000, 'The Microsoft Xbox Series X is a gaming console with AMD Zen 2 processor, RDNA 2 GPU, and 4K Blu-ray drive, offering high-performance gaming and entertainment experiences for gamers.', 100, 0, '2023-07-15 16:10:00', '2023-11-15 16:10:00'),
(148, 'Canon EOS R5 Mirrorless Camera', 'canon-eos-r5-mirrorless-camera', 12, NULL, NULL, 148, 80000000, 0, 75000000, 'The Canon EOS R5 is a full-frame mirrorless camera with 45MP sensor, 8K video recording, and Dual Pixel CMOS AF II, offering high-resolution stills and videos for enthusiasts and professionals.', 30, 0, '2023-07-15 16:15:00', '2023-11-15 16:15:00'),
(149, 'Apple AirPods Pro', 'apple-airpods-pro', 14, NULL, NULL, 149, 3000000, 0, 2500000, 'The Apple AirPods Pro are wireless earbuds with active noise cancellation, Transparency mode, and customizable fit, offering immersive sound and comfortable listening experience for music lovers and travelers.', 150, 0, '2023-07-15 16:20:00', '2023-11-15 16:20:00'),
(150, 'LG UltraGear 27GN950-B Gaming Monitor', 'lg-ultragear-27gn950-b-gaming-monitor', 10, NULL, NULL, 150, 9000000, 0, 8500000, 'The LG UltraGear 27GN950-B is a gaming monitor with 4K resolution, 144Hz refresh rate, and NVIDIA G-SYNC compatibility, offering smooth and immersive gaming experience for enthusiasts.', 50, 0, '2023-07-15 16:25:00', '2023-11-15 16:25:00'),
(151, 'Sony Xperia 1 III', 'sony-xperia-1-iii', 13, NULL, NULL, 151, 22000000, 0, 20000000, 'The Sony Xperia 1 III features a 4K HDR OLED display, Snapdragon 888 processor, and triple camera system with ZEISS optics, offering professional-grade photography and multimedia experiences for enthusiasts.', 50, 0, '2023-07-15 16:30:00', '2023-11-15 16:30:00'),
(152, 'Samsung Galaxy Tab S8 Ultra', 'samsung-galaxy-tab-s8-ultra', 14, NULL, NULL, 152, 30000000, 0, 25000000, 'The Samsung Galaxy Tab S8 Ultra features a 14.6-inch Super AMOLED display, Snapdragon 8 Gen 1 processor, and S Pen support, offering powerful productivity and entertainment experiences for professionals and creatives.', 50, 0, '2023-07-15 16:35:00', '2023-11-15 16:35:00'),
(153, 'Dell XPS 15 Laptop', 'dell-xps-15-laptop', 15, NULL, NULL, 153, 45000000, 0, 40000000, 'The Dell XPS 15 features a 15.6-inch InfinityEdge display, Intel Core i7 processor, and NVIDIA GeForce RTX 3050 Ti GPU, offering powerful performance and stunning visuals for professionals and content creators.', 50, 0, '2023-07-15 16:40:00', '2023-11-15 16:40:00'),
(154, 'Amazon Kindle Oasis (11th Generation)', 'amazon-kindle-oasis-11th-generation', 13, NULL, NULL, 154, 5000000, 0, 4500000, 'The Amazon Kindle Oasis (11th Generation) features a 7-inch Paperwhite display, adjustable warm light, and waterproof design, offering comfortable and immersive reading experience for book lovers.', 100, 0, '2023-07-15 16:45:00', '2023-11-15 16:45:00'),
(155, 'Asus ROG Strix Scar 15 Gaming Laptop', 'asus-rog-strix-scar-15-gaming-laptop', 15, NULL, NULL, 155, 40000000, 0, 35000000, 'The Asus ROG Strix Scar 15 is a gaming laptop with AMD Ryzen 9 processor, NVIDIA GeForce RTX 3080 graphics, and 300Hz display, offering high-performance gaming and esports experiences for enthusiasts.', 50, 0, '2023-07-15 16:50:00', '2023-11-15 16:50:00'),
(156, 'Fitbit Versa 3 Smartwatch', 'fitbit-versa-3-smartwatch', 11, NULL, NULL, 156, 3000000, 0, 2500000, 'The Fitbit Versa 3 is a smartwatch with built-in GPS, heart rate monitoring, and Active Zone Minutes, offering advanced health and fitness tracking for active lifestyles.', 100, 0, '2023-07-15 16:55:00', '2023-11-15 16:55:00'),
(157, 'Microsoft Xbox Elite Wireless Controller Series 2', 'microsoft-xbox-elite-wireless-controller-series-2', 14, NULL, NULL, 157, 3500000, 0, 3000000, 'The Microsoft Xbox Elite Wireless Controller Series 2 features customizable thumbsticks, paddles, and triggers, offering precision control and ergonomic design for competitive gaming.', 100, 0, '2023-07-15 17:00:00', '2023-11-15 17:00:00'),
(158, 'Samsung Galaxy Buds Pro', 'samsung-galaxy-buds-pro', 14, NULL, NULL, 158, 2500000, 0, 2000000, 'The Samsung Galaxy Buds Pro are wireless earbuds with active noise cancellation, 360 Audio, and IPX7 water resistance, offering immersive sound and comfortable fit for music lovers and travelers.', 150, 0, '2023-07-15 17:05:00', '2023-11-15 17:05:00'),
(159, 'Logitech MX Master 3 Wireless Mouse', 'logitech-mx-master-3-wireless-mouse', 13, NULL, NULL, 159, 2000000, 0, 1500000, 'The Logitech MX Master 3 is a wireless mouse with Darkfield high-precision tracking, MagSpeed scrolling, and customizable buttons, offering ergonomic design and advanced productivity features for professionals.', 200, 0, '2023-07-15 17:10:00', '2023-11-15 17:10:00'),
(160, 'Apple Mac mini (M1, 2020)', 'apple-mac-mini-m1-2020', 15, NULL, NULL, 160, 25000000, 0, 20000000, 'The Apple Mac mini (M1, 2020) features the M1 chip, up to 16GB of unified memory, and Thunderbolt 3 ports, offering powerful performance and connectivity in a compact desktop form factor.', 50, 0, '2023-07-15 17:15:00', '2023-11-15 17:15:00'),
(161, 'Sony PlayStation 5', 'sony-playstation-5', 14, NULL, NULL, 161, 12000000, 0, 10000000, 'The Sony PlayStation 5 is a gaming console with AMD Zen 2 processor, RDNA 2 GPU, and ultra-high-speed SSD, offering immersive gaming experiences and next-generation graphics for gamers.', 100, 0, '2023-07-15 17:20:00', '2023-11-15 17:20:00'),
(162, 'Samsung Galaxy Watch 4 Classic', 'samsung-galaxy-watch-4-classic', 11, NULL, NULL, 162, 5000000, 0, 4500000, 'The Samsung Galaxy Watch 4 Classic features a rotating bezel, ECG and blood pressure monitoring, and advanced fitness tracking, offering premium design and health-focused features for active lifestyles.', 100, 0, '2023-07-15 17:25:00', '2023-11-15 17:25:00'),
(163, 'Garmin Fenix 7 Sapphire Solar Edition', 'garmin-fenix-7-sapphire-solar-edition', 11, NULL, NULL, 163, 10000000, 0, 8500000, 'The Garmin Fenix 7 Sapphire Solar Edition features solar charging, GPS navigation, and advanced health monitoring, offering durability and performance for outdoor adventures and fitness enthusiasts.', 100, 0, '2023-07-15 17:30:00', '2023-11-15 17:30:00'),
(164, 'Roku Ultra Streaming Player', 'roku-ultra-streaming-player', 16, NULL, NULL, 164, 1500000, 0, 1200000, 'The Roku Ultra Streaming Player features 4K HDR streaming, Dolby Vision and Dolby Atmos support, and voice remote, offering high-quality entertainment experiences for streaming enthusiasts.', 100, 0, '2023-07-15 17:35:00', '2023-11-15 17:35:00'),
(165, 'Anker PowerCore 26800 Portable Charger', 'anker-powercore-26800-portable-charger', 14, NULL, NULL, 165, 1000000, 0, 800000, 'The Anker PowerCore 26800 is a portable charger with 26800mAh capacity, PowerIQ technology, and dual-input port, offering high-speed charging for smartphones, tablets, and other devices on the go.', 200, 0, '2023-07-15 17:40:00', '2023-11-15 17:40:00'),
(166, 'Asus ROG Swift PG259QN Gaming Monitor', 'asus-rog-swift-pg259qn-gaming-monitor', 10, NULL, NULL, 166, 8000000, 0, 7500000, 'The Asus ROG Swift PG259QN is a gaming monitor with 360Hz refresh rate, NVIDIA G-SYNC technology, and Fast IPS panel, offering ultra-smooth and responsive gaming experience for esports enthusiasts.', 50, 0, '2023-07-15 17:45:00', '2023-11-15 17:45:00'),
(167, 'Apple iPad Pro (5th Generation)', 'apple-ipad-pro-5th-generation', 14, NULL, NULL, 167, 30000000, 0, 25000000, 'The Apple iPad Pro (5th Generation) features an M1 chip, Liquid Retina XDR display, and Thunderbolt 4 ports, offering powerful performance and professional-grade features for creatives and professionals.', 50, 0, '2023-07-15 17:50:00', '2023-11-15 17:50:00'),
(168, 'Corsair K70 RGB TKL Champion Series Gaming Keyboard', 'corsair-k70-rgb-tkl-champion-series-gaming-keyboard', 13, NULL, NULL, 168, 4000000, 0, 3500000, 'The Corsair K70 RGB TKL Champion Series is a gaming keyboard with Cherry MX switches, customizable RGB lighting, and tournament-ready design, offering responsive and durable performance for esports enthusiasts.', 200, 0, '2023-07-15 17:55:00', '2023-11-15 17:55:00'),
(169, 'Microsoft Surface Pro 8', 'microsoft-surface-pro-8', 15, NULL, NULL, 169, 25000000, 0, 20000000, 'The Microsoft Surface Pro 8 features a 13-inch PixelSense display, Intel Core i7 processor, and up to 32GB of RAM, offering versatility and performance for professionals and creatives on the go.', 50, 0, '2023-07-15 18:00:00', '2023-11-15 18:00:00'),
(170, 'Samsung Galaxy A73 5G 128GB', 'samsung-galaxy-a73-5g-128gb', 1, NULL, NULL, 170, 25000000, 0, 20000000, 'The Samsung Galaxy A73 5G 128GB features a 108MP camera, 6.7-inch Super AMOLED display, and Snapdragon 778G processor, offering high-quality photography and smooth performance for mid-range smartphone users.', 200, 0, '2023-07-15 18:05:00', '2023-11-15 18:05:00'),
(171, 'Sony WF-SP800N Wireless Noise Cancelling Sports Earbuds', 'sony-wf-sp800n-wireless-noise-cancelling-sports-earbuds', 14, NULL, NULL, 171, 2000000, 0, 1500000, 'The Sony WF-SP800N are wireless noise cancelling sports earbuds with IP55 sweat and splash resistance, Extra Bass feature, and 9-hour battery life, offering secure fit and immersive sound for active lifestyles.', 150, 0, '2023-07-15 18:10:00', '2023-11-15 18:10:00'),
(172, 'Google Pixel 6 Pro', 'google-pixel-6-pro', 1, NULL, NULL, 172, 20000000, 0, 18000000, 'The Google Pixel 6 Pro features a 6.7-inch 120Hz LTPO OLED display, Tensor chip, and 50MP triple camera system, offering advanced photography and AI-driven performance for smartphone enthusiasts.', 100, 0, '2023-07-15 18:15:00', '2023-11-15 18:15:00'),
(173, 'Logitech G Pro X Superlight Wireless Gaming Mouse', 'logitech-g-pro-x-superlight-wireless-gaming-mouse', 3, NULL, NULL, 173, 3000000, 0, 2500000, 'The Logitech G Pro X Superlight is a wireless gaming mouse with HERO sensor, Lightspeed technology, and ultra-lightweight design, offering responsive and precise control for esports enthusiasts.', 200, 0, '2023-07-15 18:20:00', '2023-11-15 18:20:00'),
(174, 'OnePlus 9 Pro 5G', 'oneplus-9-pro-5g', 1, NULL, NULL, 174, 20000000, 0, 18000000, 'The OnePlus 9 Pro 5G features a Hasselblad quad camera system, 6.7-inch Fluid AMOLED display, and Snapdragon 888 processor, offering flagship photography and performance for smartphone users.', 100, 0, '2023-07-15 18:25:00', '2023-11-15 18:25:00'),
(175, 'Razer BlackWidow V3 Mini HyperSpeed Wireless Mechanical Gaming Keyboard', 'razer-blackwidow-v3-mini-hyperspeed-wireless-mechanical-gaming-keyboard', 7, NULL, NULL, 175, 3000000, 0, 2500000, 'The Razer BlackWidow V3 Mini HyperSpeed is a wireless mechanical gaming keyboard with Razer HyperSpeed technology, Doubleshot ABS keycaps, and compact design, offering responsive and portable gaming experience for enthusiasts.', 200, 0, '2023-07-15 18:30:00', '2023-11-15 18:30:00'),
(176, 'Apple iPhone 13 Pro Max', 'apple-iphone-13-pro-max', 1, NULL, NULL, 176, 30000000, 0, 25000000, 'The Apple iPhone 13 Pro Max features a ProMotion display, A15 Bionic chip, and triple-camera system with ProRAW and ProRes video recording, offering advanced photography and performance for smartphone enthusiasts.', 200, 0, '2023-07-15 18:35:00', '2023-11-15 18:35:00'),
(177, 'LG OLED C1 4K HDR Smart TV', 'lg-oled-c1-4k-hdr-smart-tv', 8, NULL, NULL, 177, 40000000, 0, 35000000, 'The LG OLED C1 is a 4K HDR Smart TV with OLED panel, α9 Gen4 AI processor, and Dolby Vision IQ, offering immersive cinematic experience and smart entertainment features for home theaters.', 50, 0, '2023-07-15 18:40:00', '2023-11-15 18:40:00'),
(178, 'Nintendo Switch OLED Model', 'nintendo-switch-oled-model', 6, NULL, NULL, 178, 8000000, 0, 7500000, 'The Nintendo Switch OLED Model features a 7-inch OLED screen, enhanced audio, and adjustable stand, offering versatile gaming experience and vibrant visuals for gamers.', 100, 0, '2023-07-15 18:45:00', '2023-11-15 18:45:00'),
(179, 'Bose SoundLink Flex Portable Bluetooth Speaker', 'bose-soundlink-flex-portable-bluetooth-speaker', 14, NULL, NULL, 179, 3000000, 0, 2500000, 'The Bose SoundLink Flex is a portable Bluetooth speaker with IP67 waterproof rating, PartyBoost feature, and 12 hours of battery life, offering powerful sound and durable design for outdoor adventures and parties.', 200, 0, '2023-07-15 18:50:00', '2023-11-15 18:50:00'),
(180, 'Microsoft Surface Laptop Studio', 'microsoft-surface-laptop-studio', 15, NULL, NULL, 180, 45000000, 0, 40000000, 'The Microsoft Surface Laptop Studio features a 14.4-inch PixelSense touchscreen, Intel Core i7 processor, and NVIDIA GeForce RTX 3050 Ti GPU, offering versatile performance and creativity for professionals.', 50, 0, '2023-07-15 18:55:00', '2023-11-15 18:55:00'),
(181, 'GoPro HERO10 Black Action Camera', 'gopro-hero10-black-action-camera', 22, NULL, NULL, 181, 7000000, 0, 6500000, 'The GoPro HERO10 Black is an action camera with 5.3K video recording, HyperSmooth 4.0 stabilization, and TimeWarp 4.0 feature, offering high-quality footage and versatile shooting modes for adventurers.', 100, 0, '2023-07-15 19:00:00', '2023-11-15 19:00:00'),
(182, 'HP Pavilion Gaming Desktop', 'hp-pavilion-gaming-desktop', 22, NULL, NULL, 182, 25000000, 0, 22000000, 'The HP Pavilion Gaming Desktop features AMD Ryzen 7 processor, NVIDIA GeForce GTX 1660 Super graphics, and customizable RGB lighting, offering powerful gaming performance and upgrade options for enthusiasts.', 50, 0, '2023-07-15 19:05:00', '2023-11-15 19:05:00'),
(183, 'Sony WF-1000XM4 Wireless Noise Cancelling Earbuds', 'sony-wf-1000xm4-wireless-noise-cancelling-earbuds', 14, NULL, NULL, 183, 3500000, 0, 3000000, 'The Sony WF-1000XM4 are wireless noise cancelling earbuds with LDAC support, 8 hours of battery life, and Speak-to-Chat feature, offering immersive sound and smart listening experience for music lovers.', 200, 0, '2023-07-15 19:10:00', '2023-11-15 19:10:00'),
(184, 'Lenovo Legion 5 Pro Gaming Laptop', 'lenovo-legion-5-pro-gaming-laptop', 15, NULL, NULL, 184, 30000000, 0, 25000000, 'The Lenovo Legion 5 Pro is a gaming laptop with AMD Ryzen 7 processor, NVIDIA GeForce RTX 3070 GPU, and 165Hz display, offering high-performance gaming and multimedia experiences for enthusiasts.', 50, 0, '2023-07-15 19:15:00', '2023-11-15 19:15:00'),
(185, 'Samsung Odyssey G9 Gaming Monitor', 'samsung-odyssey-g9-gaming-monitor', 22, NULL, NULL, 185, 18000000, 0, 15000000, 'The Samsung Odyssey G9 is a gaming monitor with 49-inch QLED curved display, 240Hz refresh rate, and 1000R curvature, offering immersive gaming experience and smooth visuals for enthusiasts.', 50, 0, '2023-07-15 19:20:00', '2023-11-15 19:20:00'),
(186, 'Xiaomi Mi 11 Ultra', 'xiaomi-mi-11-ultra', 1, NULL, NULL, 186, 18000000, 0, 15000000, 'The Xiaomi Mi 11 Ultra features a 6.81-inch AMOLED display, Snapdragon 888 processor, and triple camera system with 120x zoom, offering flagship photography and performance for smartphone enthusiasts.', 200, 0, '2023-07-15 19:25:00', '2023-11-15 19:25:00'),
(187, 'Apple AirPods Pro', 'apple-airpods-pro', 14, NULL, NULL, 187, 7000000, 0, 6500000, 'The Apple AirPods Pro are wireless earbuds with active noise cancellation, Adaptive EQ, and Transparency mode, offering immersive sound and customizable fit for music lovers and travelers.', 150, 0, '2023-07-15 19:30:00', '2023-11-15 19:30:00'),
(188, 'Sony BRAVIA XR A90J 4K OLED TV', 'sony-bravia-xr-a90j-4k-oled-tv', 22, NULL, NULL, 188, 50000000, 0, 45000000, 'The Sony BRAVIA XR A90J is a 4K OLED TV with Cognitive Processor XR, XR Triluminos Pro, and XR Motion Clarity, offering lifelike picture quality and immersive cinematic experience for home theaters.', 50, 0, '2023-07-15 19:35:00', '2023-11-15 19:35:00'),
(189, 'Nintendo Switch Lite', 'nintendo-switch-lite', 22, NULL, NULL, 189, 5000000, 0, 4500000, 'The Nintendo Switch Lite is a compact gaming console with built-in controls, 5.5-inch touchscreen, and lightweight design, offering handheld gaming experience and compatibility with a wide range of Nintendo Switch games.', 100, 0, '2023-07-15 19:40:00', '2023-11-15 19:40:00'),
(190, 'JBL Flip 5 Portable Waterproof Speaker', 'jbl-flip-5-portable-waterproof-speaker', 14, NULL, NULL, 190, 2000000, 0, 1500000, 'The JBL Flip 5 is a portable waterproof speaker with PartyBoost feature, 12 hours of battery life, and rugged design, offering powerful sound and durable performance for outdoor adventures and parties.', 200, 0, '2023-07-15 19:45:00', '2023-11-15 19:45:00'),
(191, 'DJI Mavic Air 2S Drone', 'dji-mavic-air-2s-drone', 22, NULL, NULL, 191, 25000000, 0, 22000000, 'The DJI Mavic Air 2S is a drone with 1-inch CMOS sensor, 5.4K video recording, and 31 minutes of flight time, offering high-quality aerial photography and videography for enthusiasts and professionals.', 50, 0, '2023-07-15 19:50:00', '2023-11-15 19:50:00'),
(192, 'Garmin Forerunner 945 GPS Smartwatch', 'garmin-forerunner-945-gps-smartwatch', 22, NULL, NULL, 192, 12000000, 0, 10000000, 'The Garmin Forerunner 945 is a GPS smartwatch with advanced running dynamics, heart rate monitoring, and up to 2 weeks of battery life, offering comprehensive training and performance tracking for athletes and fitness enthusiasts.', 100, 0, '2023-07-15 19:55:00', '2023-11-15 19:55:00'),
(193, 'Logitech G Pro X Gaming Headset', 'logitech-g-pro-x-gaming-headset', 22, NULL, NULL, 193, 4000000, 0, 3500000, 'The Logitech G Pro X is a gaming headset with Blue VO!CE microphone technology, Pro-G 50mm drivers, and DTS Headphone:X 2.0 surround sound, offering immersive audio and clear communication for esports enthusiasts.', 200, 0, '2023-07-15 20:00:00', '2023-11-15 20:00:00'),
(194, 'Apple Watch Series 7', 'apple-watch-series-7', 22, NULL, NULL, 194, 8000000, 0, 7500000, 'The Apple Watch Series 7 features a larger Retina display, faster charging, and new cycling and fall detection features, offering advanced health and fitness tracking for active lifestyles.', 200, 0, '2023-07-15 20:05:00', '2023-11-15 20:05:00'),
(195, 'Samsung Odyssey G7 Gaming Monitor', 'samsung-odyssey-g7-gaming-monitor', 22, NULL, NULL, 195, 12000000, 0, 10000000, 'The Samsung Odyssey G7 is a gaming monitor with 240Hz refresh rate, QLED curved display, and 1000R curvature, offering immersive gaming experience and smooth visuals for enthusiasts.', 50, 0, '2023-07-15 20:10:00', '2023-11-15 20:10:00'),
(196, 'Xbox Series X', 'xbox-series-x', 22, NULL, NULL, 196, 15000000, 0, 12000000, 'The Xbox Series X is a gaming console with AMD Zen 2 processor, RDNA 2 GPU, and 4K gaming support, offering immersive gaming experience and entertainment features for gamers.', 100, 0, '2023-07-15 20:15:00', '2023-11-15 20:15:00'),
(197, 'Canon EOS R5 Mirrorless Camera', 'canon-eos-r5-mirrorless-camera', 22, NULL, NULL, 197, 40000000, 0, 35000000, 'The Canon EOS R5 is a mirrorless camera with 45MP full-frame sensor, 8K RAW video recording, and Dual Pixel CMOS AF II, offering high-resolution imaging and professional-grade performance for photographers and videographers.', 50, 0, '2023-07-15 20:20:00', '2023-11-15 20:20:00'),
(198, 'Bose QuietComfort 45 Wireless Noise Cancelling Headphones', 'bose-quietcomfort-45-wireless-noise-cancelling-headphones', 12, NULL, NULL, 198, 6000000, 0, 5500000, 'The Bose QuietComfort 45 are wireless noise cancelling headphones with Aware mode, TriPort acoustic architecture, and up to 24 hours of battery life, offering immersive sound and comfortable fit for travelers and commuters.', 200, 0, '2023-07-15 20:25:00', '2023-11-15 20:25:00'),
(199, 'Dell XPS 15 Laptop', 'dell-xps-15-laptop', 15, NULL, NULL, 199, 35000000, 0, 30000000, 'The Dell XPS 15 is a laptop with 15.6-inch InfinityEdge display, Intel Core i9 processor, and NVIDIA GeForce RTX 3050 GPU, offering powerful performance and stunning visuals for professionals and creatives.', 50, 0, '2023-07-15 20:30:00', '2023-11-15 20:30:00'),
(200, 'Sony PlayStation 5', 'sony-playstation-5', 22, NULL, NULL, 200, 20000000, 0, 18000000, 'The Sony PlayStation 5 is a gaming console with custom AMD CPU and GPU, ultra-high-speed SSD, and immersive 3D audio, offering next-generation gaming experiences and entertainment features for gamers.', 100, 0, '2023-07-15 20:35:00', '2023-11-15 20:35:00'),
(201, 'Garmin Instinct Solar Outdoor Smartwatch', 'garmin-instinct-solar-outdoor-smartwatch', 22, NULL, NULL, 201, 5000000, 0, 4500000, 'The Garmin Instinct Solar is an outdoor smartwatch with solar charging, GPS navigation, and heart rate monitoring, offering durability and performance for outdoor enthusiasts and adventurers.', 100, 0, '2023-07-15 20:40:00', '2023-11-15 20:40:00'),
(202, 'Samsung Galaxy Tab S7+', 'samsung-galaxy-tab-s7-plus', 22, NULL, NULL, 202, 20000000, 0, 18000000, 'The Samsung Galaxy Tab S7+ features a 12.4-inch Super AMOLED display, Snapdragon 865+ processor, and S Pen support, offering versatile productivity and entertainment experiences for professionals and creatives.', 50, 0, '2023-07-15 20:45:00', '2023-11-15 20:45:00'),
(203, 'Jabra Elite 85t True Wireless Earbuds', 'jabra-elite-85t-true-wireless-earbuds', 14, NULL, NULL, 203, 3000000, 0, 2500000, 'The Jabra Elite 85t are true wireless earbuds with adjustable ANC, 12mm speakers, and up to 31 hours of battery life, offering immersive sound and customizable fit for music lovers and commuters.', 150, 0, '2023-07-15 20:50:00', '2023-11-15 20:50:00'),
(204, 'LG UltraGear 27GN950-B Gaming Monitor', 'lg-ultragear-27gn950-b-gaming-monitor', 22, NULL, NULL, 204, 10000000, 0, 8500000, 'The LG UltraGear 27GN950-B is a gaming monitor with 4K resolution, 144Hz refresh rate, and NVIDIA G-SYNC compatibility, offering smooth and immersive gaming experience for enthusiasts.', 50, 0, '2023-07-15 20:55:00', '2023-11-15 20:55:00'),
(205, 'Fitbit Charge 5 Fitness Tracker', 'fitbit-charge-5-fitness-tracker', 22, NULL, NULL, 205, 3000000, 0, 2500000, 'The Fitbit Charge 5 is a fitness tracker with built-in GPS, heart rate monitoring, and EDA sensor, offering advanced health and wellness insights for active lifestyles and fitness enthusiasts.', 200, 0, '2023-07-15 21:00:00', '2023-11-15 21:00:00'),
(206, 'Acer Predator Helios 300 Gaming Laptop', 'acer-predator-helios-300-gaming-laptop', 15, NULL, NULL, 206, 25000000, 0, 22000000, 'The Acer Predator Helios 300 is a gaming laptop with 15.6-inch Full HD display, Intel Core i7 processor, and NVIDIA GeForce RTX 3060 GPU, offering powerful performance and immersive gaming experience for enthusiasts.', 50, 0, '2023-07-15 21:05:00', '2023-11-15 21:05:00'),
(207, 'UE Megaboom 3 Portable Bluetooth Speaker', 'ue-megaboom-3-portable-bluetooth-speaker', 14, NULL, NULL, 207, 2500000, 0, 2000000, 'The UE Megaboom 3 is a portable Bluetooth speaker with 360-degree sound, IP67 waterproof rating, and up to 20 hours of battery life, offering powerful sound and durable design for outdoor adventures and parties.', 200, 0, '2023-07-15 21:10:00', '2023-11-15 21:10:00'),
(208, 'AOC C24G1A Curved Gaming Monitor', 'aoc-c24g1a-curved-gaming-monitor', 22, NULL, NULL, 208, 5000000, 0, 4500000, 'The AOC C24G1A is a curved gaming monitor with 24-inch Full HD display, 165Hz refresh rate, and AMD FreeSync technology, offering smooth and immersive gaming experience for enthusiasts.', 100, 0, '2023-07-15 21:15:00', '2023-11-15 21:15:00'),
(209, 'Anker Soundcore Liberty Air 2 Pro True Wireless Earbuds', 'anker-soundcore-liberty-air-2-pro-true-wireless-earbuds', 14, NULL, NULL, 209, 3000000, 0, 2500000, 'The Anker Soundcore Liberty Air 2 Pro are true wireless earbuds with HearID personalized EQ, ANC technology, and up to 26 hours of battery life, offering immersive sound and customizable fit for music lovers.', 150, 0, '2023-07-15 21:20:00', '2023-11-15 21:20:00'),
(210, 'Razer Huntsman Elite Gaming Keyboard', 'razer-huntsman-elite-gaming-keyboard', 22, NULL, NULL, 210, 5000000, 0, 4500000, 'The Razer Huntsman Elite is a gaming keyboard with Razer Opto-Mechanical switches, customizable Chroma RGB lighting, and magnetic wrist rest, offering responsive and immersive gaming experience for enthusiasts.', 200, 0, '2023-07-15 21:25:00', '2023-11-15 21:25:00'),
(211, 'Canon EOS R6 Mirrorless Camera', 'canon-eos-r6-mirrorless-camera', 22, NULL, NULL, 211, 30000000, 0, 25000000, 'The Canon EOS R6 is a mirrorless camera with 20.1MP full-frame sensor, 4K video recording, and Dual Pixel CMOS AF II, offering high-performance imaging and professional-grade features for photographers and videographers.', 50, 0, '2023-07-15 21:30:00', '2023-11-15 21:30:00'),
(212, 'Apple iPad Pro (2021)', 'apple-ipad-pro-2021', 22, NULL, NULL, 212, 25000000, 0, 22000000, 'The Apple iPad Pro (2021) features a Liquid Retina XDR display, M1 chip, and 5G connectivity, offering powerful performance and immersive visuals for professionals and creatives.', 50, 0, '2023-07-15 21:35:00', '2023-11-15 21:35:00'),
(213, 'Logitech G502 HERO Gaming Mouse', 'logitech-g502-hero-gaming-mouse', 22, NULL, NULL, 213, 2000000, 0, 1500000, 'The Logitech G502 HERO is a gaming mouse with HERO sensor, customizable weights, and 16,000 DPI tracking, offering precise and responsive control for esports enthusiasts.', 200, 0, '2023-07-15 21:40:00', '2023-11-15 21:40:00'),
(214, 'Samsung Galaxy Buds Live', 'samsung-galaxy-buds-live', 14, NULL, NULL, 214, 3500000, 0, 3000000, 'The Samsung Galaxy Buds Live are wireless earbuds with Active Noise Cancellation, AKG tuning, and up to 8 hours of battery life, offering immersive sound and comfortable fit for music lovers and commuters.', 150, 0, '2023-07-15 21:45:00', '2023-11-15 21:45:00'),
(215, 'Asus ROG Strix G15 Gaming Laptop', 'asus-rog-strix-g15-gaming-laptop', 15, NULL, NULL, 215, 30000000, 0, 25000000, 'The Asus ROG Strix G15 is a gaming laptop with 15.6-inch Full HD display, AMD Ryzen 9 processor, and NVIDIA GeForce RTX 3070 GPU, offering powerful performance and immersive gaming experience for enthusiasts.', 50, 0, '2023-07-15 21:50:00', '2023-11-15 21:50:00'),
(216, 'Sony WH-1000XM4 Wireless Noise Cancelling Headphones', 'sony-wh-1000xm4-wireless-noise-cancelling-headphones', 22, NULL, NULL, 216, 5000000, 0, 4500000, 'The Sony WH-1000XM4 are wireless noise cancelling headphones with LDAC support, Speak-to-Chat feature, and up to 30 hours of battery life, offering immersive sound and smart listening experience for travelers and commuters.', 200, 0, '2023-07-15 21:55:00', '2023-11-15 21:55:00'),
(217, 'Lenovo Legion 5 Pro Gaming Laptop', 'lenovo-legion-5-pro-gaming-laptop', 15, NULL, NULL, 217, 30000000, 0, 25000000, 'The Lenovo Legion 5 Pro is a gaming laptop with AMD Ryzen 7 processor, NVIDIA GeForce RTX 3070 GPU, and 165Hz display, offering high-performance gaming and multimedia experiences for enthusiasts.', 50, 0, '2023-07-15 22:00:00', '2023-11-15 22:00:00'),
(218, 'Samsung Odyssey G9 Gaming Monitor', 'samsung-odyssey-g9-gaming-monitor', 22, NULL, NULL, 218, 18000000, 0, 15000000, 'The Samsung Odyssey G9 is a gaming monitor with 49-inch QLED curved display, 240Hz refresh rate, and 1000R curvature, offering immersive gaming experience and smooth visuals for enthusiasts.', 50, 0, '2023-07-15 22:05:00', '2023-11-15 22:05:00'),
(219, 'Xiaomi Mi 11 Ultra', 'xiaomi-mi-11-ultra', 1, NULL, NULL, 219, 18000000, 0, 15000000, 'The Xiaomi Mi 11 Ultra features a 6.81-inch AMOLED display, Snapdragon 888 processor, and triple camera system with 120x zoom, offering flagship photography and performance for smartphone enthusiasts.', 200, 0, '2023-07-15 22:10:00', '2023-11-15 22:10:00'),
(220, 'Apple AirPods Pro', 'apple-airpods-pro', 14, NULL, NULL, 220, 7000000, 0, 6500000, 'The Apple AirPods Pro are wireless earbuds with active noise cancellation, Adaptive EQ, and Transparency mode, offering immersive sound and customizable fit for music lovers and travelers.', 150, 0, '2023-07-15 22:15:00', '2023-11-15 22:15:00'),
(221, 'Sony BRAVIA XR A90J 4K OLED TV', 'sony-bravia-xr-a90j-4k-oled-tv',20 , NULL, NULL, 221, 50000000, 0, 45000000, 'The Sony BRAVIA XR A90J is a 4K OLED TV with Cognitive Processor XR, XR Triluminos Pro, and XR Motion Clarity, offering lifelike picture quality and immersive cinematic experience for home theaters.', 50, 0, '2023-07-15 22:20:00', '2023-11-15 22:20:00'),
(222, 'Nintendo Switch Lite', 'nintendo-switch-lite', 16, NULL, NULL, 222, 5000000, 0, 4500000, 'The Nintendo Switch Lite is a compact gaming console with built-in controls, 5.5-inch touchscreen, and lightweight design, offering handheld gaming experience and compatibility with a wide range of Nintendo Switch games.', 100, 0, '2023-07-15 22:25:00', '2023-11-15 22:25:00'),
(223, 'JBL Flip 5 Portable Waterproof Speaker', 'jbl-flip-5-portable-waterproof-speaker', 14, NULL, NULL, 223, 2000000, 0, 1500000, 'The JBL Flip 5 is a portable waterproof speaker with PartyBoost feature, 12 hours of battery life, and rugged design, offering powerful sound and durable performance for outdoor adventures and parties.', 200, 0, '2023-07-15 22:30:00', '2023-11-15 22:30:00'),
(224, 'DJI Mavic Air 2S Drone', 'dji-mavic-air-2s-drone', 22, NULL, NULL, 224, 25000000, 0, 22000000, 'The DJI Mavic Air 2S is a drone with 1-inch CMOS sensor, 5.4K video recording, and 31 minutes of flight time, offering high-quality aerial photography and videography for enthusiasts and professionals.', 50, 0, '2023-07-15 22:35:00', '2023-11-15 22:35:00'),
(225, 'Garmin Forerunner 945 GPS Smartwatch', 'garmin-forerunner-945-gps-smartwatch', 11, NULL, NULL, 225, 12000000, 0, 10000000, 'The Garmin Forerunner 945 is a GPS smartwatch with advanced running dynamics, heart rate monitoring, and up to 2 weeks of battery life, offering comprehensive training and performance tracking for athletes and fitness enthusiasts.', 100, 0, '2023-07-15 22:40:00', '2023-11-15 22:40:00'),
(226, 'Logitech G Pro X Gaming Headset', 'logitech-g-pro-x-gaming-headset', 12, NULL, NULL, 226, 4000000, 0, 3500000, 'The Logitech G Pro X is a gaming headset with Blue VO!CE microphone technology, Pro-G 50mm drivers, and DTS Headphone:X 2.0 surround sound, offering immersive audio and clear communication for esports enthusiasts.', 200, 0, '2023-07-15 22:45:00', '2023-11-15 22:45:00'),
(227, 'Apple Watch Series 7', 'apple-watch-series-7', 11, NULL, NULL, 227, 8000000, 0, 7500000, 'The Apple Watch Series 7 features a larger Retina display, faster charging, and new cycling and fall detection features, offering advanced health and fitness tracking for active lifestyles.', 200, 0, '2023-07-15 22:50:00', '2023-11-15 22:50:00'),
(228, 'Samsung Odyssey G7 Gaming Monitor', 'samsung-odyssey-g7-gaming-monitor', 10, NULL, NULL, 228, 12000000, 0, 10000000, 'The Samsung Odyssey G7 is a gaming monitor with 240Hz refresh rate, QLED curved display, and 1000R curvature, offering immersive gaming experience and smooth visuals for enthusiasts.', 50, 0, '2023-07-15 22:55:00', '2023-11-15 22:55:00'),
(229, 'Xbox Series X', 'xbox-series-x', 15, NULL, NULL, 229, 15000000, 0, 12000000, 'The Xbox Series X is a gaming console with AMD Zen 2 processor, RDNA 2 GPU, and 4K gaming support, offering immersive gaming experience and entertainment features for gamers.', 100, 0, '2023-07-15 23:00:00', '2023-11-15 23:00:00'),
(230, 'Canon EOS R5 Mirrorless Camera', 'canon-eos-r5-mirrorless-camera', 22, NULL, NULL, 230, 40000000, 0, 35000000, 'The Canon EOS R5 is a mirrorless camera with 45MP full-frame sensor, 8K RAW video recording, and Dual Pixel CMOS AF II, offering high-resolution imaging and professional-grade performance for photographers and videographers.', 50, 0, '2023-07-15 23:05:00', '2023-11-15 23:05:00'),
(231, 'Bose QuietComfort 45 Wireless Noise Cancelling Headphones', 'bose-quietcomfort-45-wireless-noise-cancelling-headphones', 22, NULL, NULL, 231, 6000000, 0, 5500000, 'The Bose QuietComfort 45 are wireless noise cancelling headphones with Aware mode, TriPort acoustic architecture, and up to 24 hours of battery life, offering immersive sound and comfortable fit for travelers and commuters.', 200, 0, '2023-07-15 23:10:00', '2023-11-15 23:10:00'),
(232, 'Dell XPS 15 Laptop', 'dell-xps-15-laptop', 15, NULL, NULL, 232, 35000000, 0, 30000000, 'The Dell XPS 15 is a laptop with 15.6-inch InfinityEdge display, Intel Core i9 processor, and NVIDIA GeForce RTX 3050 GPU, offering powerful performance and stunning visuals for professionals and creatives.', 50, 0, '2023-07-15 23:15:00', '2023-11-15 23:15:00'),
(233, 'Sony PlayStation 5', 'sony-playstation-5', 15, NULL, NULL, 233, 20000000, 0, 18000000, 'The Sony PlayStation 5 is a gaming console with custom AMD CPU and GPU, ultra-high-speed SSD, and immersive 3D audio, offering next-generation gaming experiences and entertainment features for gamers.', 100, 0, '2023-07-15 23:20:00', '2023-11-15 23:20:00'),
(234, 'Garmin Instinct Solar Outdoor Smartwatch', 'garmin-instinct-solar-outdoor-smartwatch', 21, NULL, NULL, 234, 5000000, 0, 4500000, 'The Garmin Instinct Solar is an outdoor smartwatch with solar charging, GPS navigation, and heart rate monitoring, offering durability and performance for outdoor enthusiasts and adventurers.', 100, 0, '2023-07-15 23:25:00', '2023-11-15 23:25:00'),
(235, 'Samsung Galaxy Tab S7+', 'samsung-galaxy-tab-s7-plus', 14, NULL, NULL, 235, 20000000, 0, 18000000, 'The Samsung Galaxy Tab S7+ features a 12.4-inch Super AMOLED display, Snapdragon 865+ processor, and S Pen support, offering versatile productivity and entertainment experiences for professionals and creatives.', 50, 0, '2023-07-15 23:30:00', '2023-11-15 23:30:00'),
(236, 'Jabra Elite 85t True Wireless Earbuds', 'jabra-elite-85t-true-wireless-earbuds', 14, NULL, NULL, 236, 3000000, 0, 2500000, 'The Jabra Elite 85t are true wireless earbuds with adjustable ANC, 12mm speakers, and up to 31 hours of battery life, offering immersive sound and customizable fit for music lovers and commuters.', 150, 0, '2023-07-15 23:35:00', '2023-11-15 23:35:00'),
(237, 'LG UltraGear 27GN950-B Gaming Monitor', 'lg-ultragear-27gn950-b-gaming-monitor', 10, NULL, NULL, 237, 10000000, 0, 8500000, 'The LG UltraGear 27GN950-B is a gaming monitor with 4K resolution, 144Hz refresh rate, and NVIDIA G-SYNC compatibility, offering smooth and immersive gaming experience for enthusiasts.', 50, 0, '2023-07-15 23:40:00', '2023-11-15 23:40:00'),
(238, 'Fitbit Charge 5 Fitness Tracker', 'fitbit-charge-5-fitness-tracker', 11, NULL, NULL, 238, 3000000, 0, 2500000, 'The Fitbit Charge 5 is a fitness tracker with built-in GPS, heart rate monitoring, and EDA sensor, offering advanced health and wellness insights for active lifestyles and fitness enthusiasts.', 200, 0, '2023-07-15 23:45:00', '2023-11-15 23:45:00'),
(239, 'Acer Predator Helios 300 Gaming Laptop', 'acer-predator-helios-300-gaming-laptop', 15, NULL, NULL, 239, 25000000, 0, 22000000, 'The Acer Predator Helios 300 is a gaming laptop with 15.6-inch Full HD display, Intel Core i7 processor, and NVIDIA GeForce RTX 3060 GPU, offering powerful performance and immersive gaming experience for enthusiasts.', 50, 0, '2023-07-15 23:50:00', '2023-11-15 23:50:00'),
(240, 'UE Megaboom 3 Portable Bluetooth Speaker', 'ue-megaboom-3-portable-bluetooth-speaker', 14, NULL, NULL, 240, 2500000, 0, 2000000, 'The UE Megaboom 3 is a portable Bluetooth speaker with 360-degree sound, IP67 waterproof rating, and up to 20 hours of battery life, offering powerful sound and durable design for outdoor adventures and parties.', 200, 0, '2023-07-15 23:55:00', '2023-11-15 23:55:00'),
(241, 'AOC C24G1A Curved Gaming Monitor', 'aoc-c24g1a-curved-gaming-monitor', 10, NULL, NULL, 241, 5000000, 0, 4500000, 'The AOC C24G1A is a curved gaming monitor with 24-inch Full HD display, 165Hz refresh rate, and AMD FreeSync technology, offering smooth and immersive gaming experience for enthusiasts.', 100, 0, '2023-07-16 00:00:00', '2023-11-16 00:00:00'),
(242, 'Anker Soundcore Liberty Air 2 Pro True Wireless Earbuds', 'anker-soundcore-liberty-air-2-pro-true-wireless-earbuds', 14, NULL, NULL, 242, 3000000, 0, 2500000, 'The Anker Soundcore Liberty Air 2 Pro are true wireless earbuds with HearID personalized EQ, ANC technology, and up to 26 hours of battery life, offering immersive sound and customizable fit for music lovers.', 150, 0, '2023-07-16 00:05:00', '2023-11-16 00:05:00'),
(243, 'Razer Huntsman Elite Gaming Keyboard', 'razer-huntsman-elite-gaming-keyboard', 17, NULL, NULL, 243, 5000000, 0, 4500000, 'The Razer Huntsman Elite is a gaming keyboard with Razer Opto-Mechanical switches, customizable Chroma RGB lighting, and magnetic wrist rest, offering responsive and immersive gaming experience for enthusiasts.', 200, 0, '2023-07-16 00:10:00', '2023-11-16 00:10:00'),
(244, 'Canon EOS R6 Mirrorless Camera', 'canon-eos-r6-mirrorless-camera', 22, NULL, NULL, 244, 30000000, 0, 25000000, 'The Canon EOS R6 is a mirrorless camera with 20.1MP full-frame sensor, 4K video recording, and Dual Pixel CMOS AF II, offering high-performance imaging and professional-grade features for photographers and videographers.', 50, 0, '2023-07-16 00:15:00', '2023-11-16 00:15:00'),
(245, 'Apple iPad Pro (2021)', 'apple-ipad-pro-2021', 14, NULL, NULL, 245, 25000000, 0, 22000000, 'The Apple iPad Pro (2021) features a Liquid Retina XDR display, M1 chip, and 5G connectivity, offering powerful performance and immersive visuals for professionals and creatives.', 50, 0, '2023-07-16 00:20:00', '2023-11-16 00:20:00'),
(246, 'Logitech G502 HERO Gaming Mouse', 'logitech-g502-hero-gaming-mouse', 13, NULL, NULL, 246, 2000000, 0, 1500000, 'The Logitech G502 HERO is a gaming mouse with HERO sensor, customizable weights, and 16,000 DPI tracking, offering precise and responsive control for esports enthusiasts.', 200, 0, '2023-07-16 00:25:00', '2023-11-16 00:25:00'),
(247, 'Samsung Galaxy Buds Live', 'samsung-galaxy-buds-live', 14, NULL, NULL, 247, 3500000, 0, 3000000, 'The Samsung Galaxy Buds Live are wireless earbuds with Active Noise Cancellation, AKG tuning, and up to 8 hours of battery life, offering immersive sound and comfortable fit for music lovers and commuters.', 150, 0, '2023-07-16 00:30:00', '2023-11-16 00:30:00'),
(248, 'Asus ROG Strix G15 Gaming Laptop', 'asus-rog-strix-g15-gaming-laptop', 15, NULL, NULL, 248, 30000000, 0, 25000000, 'The Asus ROG Strix G15 is a gaming laptop with 15.6-inch Full HD display, AMD Ryzen 9 processor, and NVIDIA GeForce RTX 3070 GPU, offering powerful performance and immersive gaming experience for enthusiasts.', 50, 0, '2023-07-16 00:35:00', '2023-11-16 00:35:00'),
(249, 'Sony WH-1000XM4 Wireless Noise Cancelling Headphones', 'sony-wh-1000xm4-wireless-noise-cancelling-headphones', 22, NULL, NULL, 249, 5000000, 0, 4500000, 'The Sony WH-1000XM4 are wireless noise cancelling headphones with LDAC support, Speak-to-Chat feature, and up to 30 hours of battery life, offering immersive sound and smart listening experience for travelers and commuters.', 200, 0, '2023-07-16 00:40:00', '2023-11-16 00:40:00'),
(250, 'Lenovo Legion 5 Pro Gaming Laptop', 'lenovo-legion-5-pro-gaming-laptop', 15, NULL, NULL, 250, 30000000, 0, 25000000, 'The Lenovo Legion 5 Pro is a gaming laptop with AMD Ryzen 7 processor, NVIDIA GeForce RTX 3070 GPU, and 165Hz display, offering high-performance gaming and multimedia experiences for enthusiasts.', 50, 0, '2023-07-16 00:45:00', '2023-11-16 00:45:00'),
(251, 'Samsung Odyssey G9 Gaming Monitor', 'samsung-odyssey-g9-gaming-monitor', 10, NULL, NULL, 251, 18000000, 0, 15000000, 'The Samsung Odyssey G9 is a gaming monitor with 49-inch QLED curved display, 240Hz refresh rate, and 1000R curvature, offering immersive gaming experience and smooth visuals for enthusiasts.', 50, 0, '2023-07-16 00:50:00', '2023-11-16 00:50:00'),
(252, 'Xiaomi Mi 11 Ultra', 'xiaomi-mi-11-ultra', 1, NULL, NULL, 252, 18000000, 0, 15000000, 'The Xiaomi Mi 11 Ultra features a 6.81-inch AMOLED display, Snapdragon 888 processor, and triple camera system with 120x zoom, offering flagship photography and performance for smartphone enthusiasts.', 200, 0, '2023-07-16 00:55:00', '2023-11-16 00:55:00'),
(253, 'Apple AirPods Pro', 'apple-airpods-pro', 14, NULL, NULL, 253, 7000000, 0, 6500000, 'The Apple AirPods Pro are wireless earbuds with active noise cancellation, Adaptive EQ, and Transparency mode, offering immersive sound and customizable fit for music lovers and travelers.', 150, 0, '2023-07-16 01:00:00', '2023-11-16 01:00:00'),
(254, 'Sony BRAVIA XR A90J 4K OLED TV', 'sony-bravia-xr-a90j-4k-oled-tv', 18, NULL, NULL, 254, 50000000, 0, 45000000, 'The Sony BRAVIA XR A90J is a 4K OLED TV with Cognitive Processor XR, XR Triluminos Pro, and XR Motion Clarity, offering lifelike picture quality and immersive cinematic experience for home theaters.', 50, 0, '2023-07-16 01:05:00', '2023-11-16 01:05:00'),
(255, 'Nintendo Switch Lite', 'nintendo-switch-lite', 16, NULL, NULL, 255, 5000000, 0, 4500000, 'The Nintendo Switch Lite is a compact gaming console with built-in controls, 5.5-inch touchscreen, and lightweight design, offering handheld gaming experience and compatibility with a wide range of Nintendo Switch games.', 100, 0, '2023-07-16 01:10:00', '2023-11-16 01:10:00'),
(256, 'JBL Flip 5 Portable Waterproof Speaker', 'jbl-flip-5-portable-waterproof-speaker', 14, NULL, NULL, 256, 2000000, 0, 1500000, 'The JBL Flip 5 is a portable waterproof speaker with PartyBoost feature, 12 hours of battery life, and rugged design, offering powerful sound and durable performance for outdoor adventures and parties.', 200, 0, '2023-07-16 01:15:00', '2023-11-16 01:15:00'),
(257, 'DJI Mavic Air 2S Drone', 'dji-mavic-air-2s-drone', 22, NULL, NULL, 257, 25000000, 0, 22000000, 'The DJI Mavic Air 2S is a drone with 1-inch CMOS sensor, 5.4K video recording, and 31 minutes of flight time, offering high-quality aerial photography and videography for enthusiasts and professionals.', 50, 0, '2023-07-16 01:20:00', '2023-11-16 01:20:00'),
(258, 'Garmin Forerunner 945 GPS Smartwatch', 'garmin-forerunner-945-gps-smartwatch', 21, NULL, NULL, 258, 12000000, 0, 10000000, 'The Garmin Forerunner 945 is a GPS smartwatch with advanced running dynamics, heart rate monitoring, and up to 2 weeks of battery life, offering comprehensive training and performance tracking for athletes and fitness enthusiasts.', 100, 0, '2023-07-16 01:25:00', '2023-11-16 01:25:00'),
(259, 'Logitech G Pro X Gaming Headset', 'logitech-g-pro-x-gaming-headset', 22, NULL, NULL, 259, 4000000, 0, 3500000, 'The Logitech G Pro X is a gaming headset with Blue VO!CE microphone technology, Pro-G 50mm drivers, and DTS Headphone:X 2.0 surround sound, offering immersive audio and clear communication for esports enthusiasts.', 200, 0, '2023-07-16 01:30:00', '2023-11-16 01:30:00'),
(260, 'Apple Watch Series 7', 'apple-watch-series-7', 11, NULL, NULL, 260, 8000000, 0, 7500000, 'The Apple Watch Series 7 features a larger Retina display, faster charging, and new cycling and fall detection features, offering advanced health and fitness tracking for active lifestyles.', 200, 0, '2023-07-16 01:35:00', '2023-11-16 01:35:00'),
(261, 'Samsung Odyssey G7 Gaming Monitor', 'samsung-odyssey-g7-gaming-monitor', 20, NULL, NULL, 261, 12000000, 0, 10000000, 'The Samsung Odyssey G7 is a gaming monitor with 240Hz refresh rate, QLED curved display, and 1000R curvature, offering immersive gaming experience and smooth visuals for enthusiasts.', 50, 0, '2023-07-16 01:40:00', '2023-11-16 01:40:00'),
(262, 'Xbox Series X', 'xbox-series-x', 15, NULL, NULL, 262, 15000000, 0, 12000000, 'The Xbox Series X is a gaming console with AMD Zen 2 processor, RDNA 2 GPU, and 4K gaming support, offering immersive gaming experience and entertainment features for gamers.', 100, 0, '2023-07-16 01:45:00', '2023-11-16 01:45:00'),
(263, 'Canon EOS R5 Mirrorless Camera', 'canon-eos-r5-mirrorless-camera', 22, NULL, NULL, 263, 40000000, 0, 35000000, 'The Canon EOS R5 is a mirrorless camera with 45MP full-frame sensor, 8K RAW video recording, and Dual Pixel CMOS AF II, offering high-resolution imaging and professional-grade performance for photographers and videographers.', 50, 0, '2023-07-16 01:50:00', '2023-11-16 01:50:00'),
(264, 'Bose QuietComfort 45 Wireless Noise Cancelling Headphones', 'bose-quietcomfort-45-wireless-noise-cancelling-headphones', 12, NULL, NULL, 264, 6000000, 0, 5500000, 'The Bose QuietComfort 45 are wireless noise cancelling headphones with Aware mode, TriPort acoustic architecture, and up to 24 hours of battery life, offering immersive sound and comfortable fit for travelers and commuters.', 200, 0, '2023-07-16 01:55:00', '2023-11-16 01:55:00'),
(265, 'Dell XPS 15 Laptop', 'dell-xps-15-laptop', 15, NULL, NULL, 265, 35000000, 0, 30000000, 'The Dell XPS 15 is a laptop with 15.6-inch InfinityEdge display, Intel Core i9 processor, and NVIDIA GeForce RTX 3050 GPU, offering powerful performance and stunning visuals for professionals and creatives.', 50, 0, '2023-07-16 02:00:00', '2023-11-16 02:00:00'),
(266, 'Sony PlayStation 5', 'sony-playstation-5', 15, NULL, NULL, 266, 20000000, 0, 18000000, 'The Sony PlayStation 5 is a gaming console with custom AMD CPU and GPU, ultra-high-speed SSD, and immersive 3D audio, offering next-generation gaming experiences and entertainment features for gamers.', 100, 0, '2023-07-16 02:05:00', '2023-11-16 02:05:00'),
(267, 'Garmin Instinct Solar Outdoor Smartwatch', 'garmin-instinct-solar-outdoor-smartwatch', 21, NULL, NULL, 267, 5000000, 0, 4500000, 'The Garmin Instinct Solar is an outdoor smartwatch with solar charging, GPS navigation, and heart rate monitoring, offering durability and performance for outdoor enthusiasts and adventurers.', 100, 0, '2023-07-16 02:10:00', '2023-11-16 02:10:00'),
(268, 'Samsung Galaxy Tab S7+', 'samsung-galaxy-tab-s7-plus', 14, NULL, NULL, 268, 20000000, 0, 18000000, 'The Samsung Galaxy Tab S7+ features a 12.4-inch Super AMOLED display, Snapdragon 865+ processor, and S Pen support, offering versatile productivity and entertainment experiences for professionals and creatives.', 50, 0, '2023-07-16 02:15:00', '2023-11-16 02:15:00'),
(269, 'Jabra Elite 85t True Wireless Earbuds', 'jabra-elite-85t-true-wireless-earbuds', 14, NULL, NULL, 269, 3000000, 0, 2500000, 'The Jabra Elite 85t are true wireless earbuds with adjustable ANC, 12mm speakers, and up to 31 hours of battery life, offering immersive sound and customizable fit for music lovers and commuters.', 150, 0, '2023-07-16 02:20:00', '2023-11-16 02:20:00'),
(270, 'LG UltraGear 27GN950-B Gaming Monitor', 'lg-ultragear-27gn950-b-gaming-monitor', 10, NULL, NULL, 270, 10000000, 0, 8500000, 'The LG UltraGear 27GN950-B is a gaming monitor with 4K resolution, 144Hz refresh rate, and NVIDIA G-SYNC compatibility, offering smooth and immersive gaming experience for enthusiasts.', 50, 0, '2023-07-16 02:25:00', '2023-11-16 02:25:00'),
(271, 'Fitbit Charge 5 Fitness Tracker', 'fitbit-charge-5-fitness-tracker', 11, NULL, NULL, 271, 3000000, 0, 2500000, 'The Fitbit Charge 5 is a fitness tracker with built-in GPS, heart rate monitoring, and EDA sensor, offering advanced health and wellness insights for active lifestyles and fitness enthusiasts.', 200, 0, '2023-07-16 02:30:00', '2023-11-16 02:30:00'),
(272, 'Acer Predator Helios 300 Gaming Laptop', 'acer-predator-helios-300-gaming-laptop', 15, NULL, NULL, 272, 25000000, 0, 22000000, 'The Acer Predator Helios 300 is a gaming laptop with 15.6-inch Full HD display, Intel Core i7 processor, and NVIDIA GeForce RTX 3060 GPU, offering powerful performance and immersive gaming experience for enthusiasts.', 50, 0, '2023-07-16 02:35:00', '2023-11-16 02:35:00'),
(273, 'UE Megaboom 3 Portable Bluetooth Speaker', 'ue-megaboom-3-portable-bluetooth-speaker', 14, NULL, NULL, 273, 2500000, 0, 2000000, 'The UE Megaboom 3 is a portable Bluetooth speaker with 360-degree sound, IP67 waterproof rating, and up to 20 hours of battery life, offering powerful sound and durable design for outdoor adventures and parties.', 200, 0, '2023-07-16 02:40:00', '2023-11-16 02:40:00'),
(274, 'AOC C24G1A Curved Gaming Monitor', 'aoc-c24g1a-curved-gaming-monitor', 10, NULL, NULL, 274, 5000000, 0, 4500000, 'The AOC C24G1A is a curved gaming monitor with 24-inch Full HD display, 165Hz refresh rate, and AMD FreeSync technology, offering smooth and immersive gaming experience for enthusiasts.', 100, 0, '2023-07-16 02:45:00', '2023-11-16 02:45:00'),
(275, 'Anker Soundcore Liberty Air 2 Pro True Wireless Earbuds', 'anker-soundcore-liberty-air-2-pro-true-wireless-earbuds', 14, NULL, NULL, 275, 3000000, 0, 2500000, 'The Anker Soundcore Liberty Air 2 Pro are true wireless earbuds with HearID personalized EQ, ANC technology, and up to 26 hours of battery life, offering immersive sound and customizable fit for music lovers.', 150, 0, '2023-07-16 02:50:00', '2023-11-16 02:50:00'),
(276, 'Razer Huntsman Elite Gaming Keyboard', 'razer-huntsman-elite-gaming-keyboard', 17, NULL, NULL, 276, 5000000, 0, 4500000, 'The Razer Huntsman Elite is a gaming keyboard with Razer Opto-Mechanical switches, customizable Chroma RGB lighting, and magnetic wrist rest, offering responsive and immersive gaming experience for enthusiasts.', 200, 0, '2023-07-16 02:55:00', '2023-11-16 02:55:00'),
(277, 'Canon EOS R6 Mirrorless Camera', 'canon-eos-r6-mirrorless-camera', 22, NULL, NULL, 277, 30000000, 0, 25000000, 'The Canon EOS R6 is a mirrorless camera with 20.1MP full-frame sensor, 4K video recording, and Dual Pixel CMOS AF II, offering high-performance imaging and professional-grade features for photographers and videographers.', 50, 0, '2023-07-16 03:00:00', '2023-11-16 03:00:00'),
(278, 'Apple iPad Pro (2021)', 'apple-ipad-pro-2021', 4, NULL, NULL, 278, 25000000, 0, 22000000, 'The Apple iPad Pro (2021) features a Liquid Retina XDR display, M1 chip, and 5G connectivity, offering powerful performance and immersive visuals for professionals and creatives.', 50, 0, '2023-07-16 03:05:00', '2023-11-16 03:05:00'),
(279, 'Logitech G502 HERO Gaming Mouse', 'logitech-g502-hero-gaming-mouse', 3, NULL, NULL, 279, 2000000, 0, 1500000, 'The Logitech G502 HERO is a gaming mouse with HERO sensor, customizable weights, and 16,000 DPI tracking, offering precise and responsive control for esports enthusiasts.', 200, 0, '2023-07-16 03:10:00', '2023-11-16 03:10:00'),
(280, 'Samsung Galaxy Buds Live', 'samsung-galaxy-buds-live', 14, NULL, NULL, 280, 3500000, 0, 3000000, 'The Samsung Galaxy Buds Live are wireless earbuds with Active Noise Cancellation, AKG tuning, and up to 8 hours of battery life, offering immersive sound and comfortable fit for music lovers and commuters.', 150, 0, '2023-07-16 03:15:00', '2023-11-16 03:15:00'),
(281, 'Asus ROG Strix G15 Gaming Laptop', 'asus-rog-strix-g15-gaming-laptop', 15, NULL, NULL, 281, 30000000, 0, 25000000, 'The Asus ROG Strix G15 is a gaming laptop with 15.6-inch Full HD display, AMD Ryzen 9 processor, and NVIDIA GeForce RTX 3070 GPU, offering powerful performance and immersive gaming experience for enthusiasts.', 50, 0, '2023-07-16 03:20:00', '2023-11-16 03:20:00'),
(282, 'Sony WH-1000XM4 Wireless Noise Cancelling Headphones', 'sony-wh-1000xm4-wireless-noise-cancelling-headphones', 22, NULL, NULL, 282, 5000000, 0, 4500000, 'The Sony WH-1000XM4 are wireless noise cancelling headphones with LDAC support, Speak-to-Chat feature, and up to 30 hours of battery life, offering immersive sound and smart listening experience for travelers and commuters.', 200, 0, '2023-07-16 03:25:00', '2023-11-16 03:25:00'),
(283, 'Lenovo Legion 5 Pro Gaming Laptop', 'lenovo-legion-5-pro-gaming-laptop', 15, NULL, NULL, 283, 30000000, 0, 25000000, 'The Lenovo Legion 5 Pro is a gaming laptop with AMD Ryzen 7 processor, NVIDIA GeForce RTX 3070 GPU, and 165Hz display, offering high-performance gaming and multimedia experiences for enthusiasts.', 50, 0, '2023-07-16 03:30:00', '2023-11-16 03:30:00'),
(284, 'Samsung Odyssey G9 Gaming Monitor', 'samsung-odyssey-g9-gaming-monitor', 20, NULL, NULL, 284, 18000000, 0, 15000000, 'The Samsung Odyssey G9 is a gaming monitor with 49-inch QLED curved display, 240Hz refresh rate, and 1000R curvature, offering immersive gaming experience and smooth visuals for enthusiasts.', 50, 0, '2023-07-16 03:35:00', '2023-11-16 03:35:00'),
(285, 'Xiaomi Mi 11 Ultra', 'xiaomi-mi-11-ultra', 1, NULL, NULL, 285, 18000000, 0, 15000000, 'The Xiaomi Mi 11 Ultra features a 6.81-inch AMOLED display, Snapdragon 888 processor, and triple camera system with 120x zoom, offering flagship photography and performance for smartphone enthusiasts.', 200, 0, '2023-07-16 03:40:00', '2023-11-16 03:40:00'),
(286, 'Apple AirPods Pro', 'apple-airpods-pro', 14, NULL, NULL, 286, 7000000, 0, 6500000, 'The Apple AirPods Pro are wireless earbuds with active noise cancellation, Adaptive EQ, and Transparency mode, offering immersive sound and customizable fit for music lovers and travelers.', 150, 0, '2023-07-16 03:45:00', '2023-11-16 03:45:00'),
(287, 'Sony BRAVIA XR A90J 4K OLED TV', 'sony-bravia-xr-a90j-4k-oled-tv', 18, NULL, NULL, 287, 50000000, 0, 45000000, 'The Sony BRAVIA XR A90J is a 4K OLED TV with Cognitive Processor XR, XR Triluminos Pro, and XR Motion Clarity, offering lifelike picture quality and immersive cinematic experience for home theaters.', 50, 0, '2023-07-16 03:50:00', '2023-11-16 03:50:00'),
(288, 'Nintendo Switch Lite', 'nintendo-switch-lite', 16, NULL, NULL, 288, 5000000, 0, 4500000, 'The Nintendo Switch Lite is a compact gaming console with built-in controls, 5.5-inch touchscreen, and lightweight design, offering handheld gaming experience and compatibility with a wide range of Nintendo Switch games.', 100, 0, '2023-07-16 03:55:00', '2023-11-16 03:55:00'),
(289, 'JBL Flip 5 Portable Waterproof Speaker', 'jbl-flip-5-portable-waterproof-speaker', 14, NULL, NULL, 289, 2000000, 0, 1500000, 'The JBL Flip 5 is a portable waterproof speaker with PartyBoost feature, 12 hours of battery life, and rugged design, offering powerful sound and durable performance for outdoor adventures and parties.', 200, 0, '2023-07-16 04:00:00', '2023-11-16 04:00:00'),
(290, 'DJI Mavic Air 2S Drone', 'dji-mavic-air-2s-drone', 22, NULL, NULL, 290, 25000000, 0, 22000000, 'The DJI Mavic Air 2S is a drone with 1-inch CMOS sensor, 5.4K video recording, and 31 minutes of flight time, offering high-quality aerial photography and videography for enthusiasts and professionals.', 50, 0, '2023-07-16 04:05:00', '2023-11-16 04:05:00'),
(291, 'Garmin Forerunner 945 GPS Smartwatch', 'garmin-forerunner-945-gps-smartwatch', 11, NULL, NULL, 291, 12000000, 0, 10000000, 'The Garmin Forerunner 945 is a GPS smartwatch with advanced running dynamics, heart rate monitoring, and up to 2 weeks of battery life, offering comprehensive training and performance tracking for athletes and fitness enthusiasts.', 100, 0, '2023-07-16 04:10:00', '2023-11-16 04:10:00'),
(292, 'Logitech G Pro X Gaming Headset', 'logitech-g-pro-x-gaming-headset', 12, NULL, NULL, 292, 4000000, 0, 3500000, 'The Logitech G Pro X is a gaming headset with Blue VO!CE microphone technology, Pro-G 50mm drivers, and DTS Headphone:X 2.0 surround sound, offering immersive audio and clear communication for esports enthusiasts.', 200, 0, '2023-07-16 04:15:00', '2023-11-16 04:15:00'),
(293, 'Apple Watch Series 7', 'apple-watch-series-7', 11, NULL, NULL, 293, 8000000, 0, 7500000, 'The Apple Watch Series 7 features a larger Retina display, faster charging, and new cycling and fall detection features, offering advanced health and fitness tracking for active lifestyles.', 200, 0, '2023-07-16 04:20:00', '2023-11-16 04:20:00'),
(294, 'Samsung Odyssey G7 Gaming Monitor', 'samsung-odyssey-g7-gaming-monitor', 20, NULL, NULL, 294, 12000000, 0, 10000000, 'The Samsung Odyssey G7 is a gaming monitor with 240Hz refresh rate, QLED curved display, and 1000R curvature, offering immersive gaming experience and smooth visuals for enthusiasts.', 50, 0, '2023-07-16 04:25:00', '2023-11-16 04:25:00'),
(295, 'Xbox Series X', 'xbox-series-x', 15, NULL, NULL, 295, 15000000, 0, 12000000, 'The Xbox Series X is a gaming console with AMD Zen 2 processor, RDNA 2 GPU, and 4K gaming support, offering immersive gaming experience and entertainment features for gamers.', 100, 0, '2023-07-16 04:30:00', '2023-11-16 04:30:00'),
(296, 'Canon EOS R5 Mirrorless Camera', 'canon-eos-r5-mirrorless-camera', 22, NULL, NULL, 296, 40000000, 0, 35000000, 'The Canon EOS R5 is a mirrorless camera with 45MP full-frame sensor, 8K RAW video recording, and Dual Pixel CMOS AF II, offering high-resolution imaging and professional-grade performance for photographers and videographers.', 50, 0, '2023-07-16 04:35:00', '2023-11-16 04:35:00'),
(297, 'Bose QuietComfort 45 Wireless Noise Cancelling Headphones', 'bose-quietcomfort-45-wireless-noise-cancelling-headphones', 22, NULL, NULL, 297, 6000000, 0, 5500000, 'The Bose QuietComfort 45 are wireless noise cancelling headphones with Aware mode, TriPort acoustic architecture, and up to 24 hours of battery life, offering immersive sound and comfortable fit for travelers and commuters.', 200, 0, '2023-07-16 04:40:00', '2023-11-16 04:40:00'),
(298, 'Dell XPS 15 Laptop', 'dell-xps-15-laptop', 15, NULL, NULL, 298, 35000000, 0, 30000000, 'The Dell XPS 15 is a laptop with 15.6-inch InfinityEdge display, Intel Core i9 processor, and NVIDIA GeForce RTX 3050 GPU, offering powerful performance and stunning visuals for professionals and creatives.', 50, 0, '2023-07-16 04:45:00', '2023-11-16 04:45:00'),
(299, 'Sony PlayStation 5', 'sony-playstation-5', 15, NULL, NULL, 299, 20000000, 0, 18000000, 'The Sony PlayStation 5 is a gaming console with custom AMD CPU and GPU, ultra-high-speed SSD, and immersive 3D audio, offering next-generation gaming experiences and entertainment features for gamers.', 100, 0, '2023-07-16 04:50:00', '2023-11-16 04:50:00'),
(300, 'Garmin Instinct Solar Outdoor Smartwatch', 'garmin-instinct-solar-outdoor-smartwatch', 21, NULL, NULL, 300, 5000000, 0, 4500000, 'The Garmin Instinct Solar is an outdoor smartwatch with solar charging, GPS navigation, and heart rate monitoring, offering durability and performance for outdoor enthusiasts and adventurers.', 100, 0, '2023-07-16 04:55:00', '2023-11-16 04:55:00'),
(301, 'GoPro HERO10 Black Action Camera', 'gopro-hero10-black-action-camera', 22, NULL, NULL, 301, 42000000, 0, 38000000, 'The GoPro HERO10 Black is an action camera with 23MP sensor, 5.3K video recording, and HyperSmooth 4.0 stabilization, offering high-quality footage and versatile shooting modes for adventurers and content creators.', 100, 1, '2023-07-16 05:00:00', '2023-11-16 05:00:00'),
(302, 'Samsung Galaxy S22 Ultra', 'samsung-galaxy-s22-ultra', 3, NULL, NULL, 302, 70000000, 0, 68000000, 'The Samsung Galaxy S22 Ultra is a flagship smartphone with a 6.8-inch Dynamic AMOLED display, S Pen support, quad-camera system, and Exynos 2200 chipset, offering top-tier performance and advanced features for mobile enthusiasts.', 200, 1, '2023-07-16 05:05:00', '2023-11-16 05:05:00'),
(303, 'DJI Mini SE Drone', 'dji-mini-se-drone', 22, NULL, NULL, 303, 10000000, 0, 9500000, 'The DJI Mini SE is a compact drone with 2.7K camera, 30 minutes of flight time, and GPS positioning, offering easy-to-use aerial photography and videography capabilities for beginners and hobbyists.', 50, 1, '2023-07-16 05:10:00', '2023-11-16 05:10:00'),
(304, 'Apple iPhone 14 Pro', 'apple-iphone-14-pro', 3, NULL, NULL, 304, 95000000, 0, 93000000, 'The Apple iPhone 14 Pro features a 6.7-inch ProMotion display, A16 Bionic chip, triple-camera system with LiDAR, and iOS 17, offering a premium mobile experience with advanced photography and productivity features.', 200, 1, '2023-07-16 05:15:00', '2023-11-16 05:15:00'),
(305, 'Razer Blade 17 Pro Gaming Laptop', 'razer-blade-17-pro-gaming-laptop', 15, NULL, NULL, 305, 48000000, 0, 45000000, 'The Razer Blade 17 Pro is a gaming laptop with a 17.3-inch QHD display, Intel Core i9 processor, NVIDIA GeForce RTX 3080 GPU, and customizable RGB keyboard, offering desktop-level gaming performance in a portable form factor.', 200, 1, '2023-07-16 05:20:00', '2023-11-16 05:20:00'),
(306, 'Sony Alpha 7 IV Mirrorless Camera', 'sony-alpha-7-iv-mirrorless-camera', 22, NULL, NULL, 306, 65000000, 0, 63000000, 'The Sony Alpha 7 IV is a full-frame mirrorless camera with a 33MP sensor, 4K video recording, and advanced autofocus system, offering professional-level imaging capabilities for photographers and videographers.', 100, 1, '2023-07-16 05:25:00', '2023-11-16 05:25:00'),
(307, 'Nintendo Switch OLED Model', 'nintendo-switch-oled-model', 15, NULL, NULL, 307, 30000000, 0, 28000000, 'The Nintendo Switch OLED Model features a 7-inch OLED display, enhanced audio, and up to 9 hours of battery life, offering a vibrant gaming experience in handheld and docked modes for gamers of all ages.', 100, 1, '2023-07-16 05:30:00', '2023-11-16 05:30:00'),
(308, 'Bose SoundLink Flex Portable Bluetooth Speaker', 'bose-soundlink-flex-portable-bluetooth-speaker', 10, NULL, NULL, 308, 7000000, 0, 6500000, 'The Bose SoundLink Flex is a portable Bluetooth speaker with 360-degree sound, IP67 waterproof rating, and up to 12 hours of battery life, offering versatile audio playback and durability for outdoor adventures and gatherings.', 50, 1, '2023-07-16 05:35:00', '2023-11-16 05:35:00'),
(309, 'Microsoft Surface Laptop Studio', 'microsoft-surface-laptop-studio', 15, NULL, NULL, 309, 65000000, 0, 62000000, 'The Microsoft Surface Laptop Studio features a 14.4-inch PixelSense Flow display, Intel Core i7 processor, NVIDIA GeForce RTX 3050 Ti GPU, and versatile design with Studio Mode, offering a creative powerhouse for artists and professionals.', 200, 1, '2023-07-16 05:40:00', '2023-11-16 05:40:00'),
(310, 'LG C1 OLED 4K Smart TV', 'lg-c1-oled-4k-smart-tv', 17, NULL, NULL, 310, 100000000, 0, 98000000, 'The LG C1 OLED 4K Smart TV features a 65-inch OLED panel, α9 Gen 4 AI Processor 4K, Dolby Vision IQ, Dolby Atmos, and webOS with LG ThinQ AI, offering stunning picture quality, immersive sound, and smart home integration for an exceptional entertainment experience.', 200, 1, '2023-07-16 05:45:00', '2023-11-16 05:45:00'),
(311, 'Canon EOS R3 Mirrorless Camera', 'canon-eos-r3-mirrorless-camera', 22, NULL, NULL, 311, 110000000, 0, 108000000, 'The Canon EOS R3 is a mirrorless camera with a 24.1MP sensor, 6K RAW video recording, Dual Pixel CMOS AF II, and fast continuous shooting, offering professional-level performance and reliability for sports, wildlife, and event photographers.', 100, 1, '2023-07-16 05:50:00', '2023-11-16 05:50:00'),
(312, 'Beats Studio Buds True Wireless Earbuds', 'beats-studio-buds-true-wireless-earbuds', 10, NULL, NULL, 312, 9000000, 0, 8500000, 'The Beats Studio Buds are true wireless earbuds with active noise cancellation, IPX4 sweat and water resistance, and up to 24 hours of total playback with charging case, offering immersive sound and on-the-go convenience for music enthusiasts.', 100, 1, '2023-07-16 05:55:00', '2023-11-16 05:55:00'),
(313, 'Sony WH-1000XM4 Wireless Noise-Canceling Headphones', 'sony-wh-1000xm4-wireless-noise-canceling-headphones', 22, NULL, NULL, 313, 3500000, 0, 3200000, 'The Sony WH-1000XM4 headphones feature industry-leading noise cancellation, high-resolution audio, and up to 30 hours of battery life, providing immersive sound quality and long-lasting comfort for music lovers and travelers.', 100, 1, '2023-07-16 06:00:00', '2023-11-16 06:00:00'),
(314, 'Samsung Galaxy Tab S8 Ultra', 'samsung-galaxy-tab-s8-ultra', 9, NULL, NULL, 314, 60000000, 0, 58000000, 'The Samsung Galaxy Tab S8 Ultra is a premium Android tablet with a 14.6-inch Super AMOLED display, S Pen support, Snapdragon 8 Gen 2 chipset, and 5G connectivity, offering productivity and entertainment on a large immersive screen.', 50, 1, '2023-07-16 06:05:00', '2023-11-16 06:05:00'),
(315, 'Acer Predator Helios 500 Gaming Laptop', 'acer-predator-helios-500-gaming-laptop', 15, NULL, NULL, 315, 55000000, 0, 52000000, 'The Acer Predator Helios 500 is a gaming laptop with a 17.3-inch 4K display, Intel Core i9 processor, NVIDIA GeForce RTX 3080 GPU, and advanced cooling system, offering high-performance gaming and content creation capabilities.', 100, 1, '2023-07-16 06:10:00', '2023-11-16 06:10:00'),
(316, 'Garmin Fenix 7X Sapphire Solar Multisport GPS Watch', 'garmin-fenix-7x-sapphire-solar-multisport-gps-watch', 11, NULL, NULL, 316, 25000000, 0, 24000000, 'The Garmin Fenix 7X Sapphire Solar is a multisport GPS watch with solar charging, advanced training features, and durable design, offering performance tracking and navigation for outdoor adventures and athletes.', 100, 1, '2023-07-16 06:15:00', '2023-11-16 06:15:00'),
(317, 'NVIDIA GeForce RTX 4090 Graphics Card', 'nvidia-geforce-rtx-4090-graphics-card', 19, NULL, NULL, 317, 70000000, 0, 68000000, 'The NVIDIA GeForce RTX 4090 is a high-end graphics card based on the latest Ampere architecture, offering exceptional gaming performance, ray tracing capabilities, and AI-powered features for enthusiasts and content creators.', 50, 1, '2023-07-16 06:20:00', '2023-11-16 06:20:00'),
(318, 'JBL Xtreme 3 Portable Waterproof Bluetooth Speaker', 'jbl-xtreme-3-portable-waterproof-bluetooth-speaker', 10, NULL, NULL, 318, 12000000, 0, 11000000, 'The JBL Xtreme 3 is a portable Bluetooth speaker with IP67 waterproof rating, JBL Pro Sound, and up to 15 hours of playtime, offering powerful audio performance and durability for outdoor use and parties.', 100, 1, '2023-07-16 06:25:00', '2023-11-16 06:25:00'),
(319, 'ASUS ROG Swift PG32UQX Gaming Monitor', 'asus-rog-swift-pg32uqx-gaming-monitor', 20, NULL, NULL, 319, 30000000, 0, 28000000, 'The ASUS ROG Swift PG32UQX is a gaming monitor with 32-inch 4K Mini LED display, 144Hz refresh rate, NVIDIA G-SYNC Ultimate, and HDR 1400, offering immersive gaming visuals and smooth performance for gamers.', 50, 1, '2023-07-16 06:30:00', '2023-11-16 06:30:00'),
(320, 'Apple iPad Air (2023)', 'apple-ipad-air-2023', 9, NULL, NULL, 320, 22000000, 0, 20000000, 'The Apple iPad Air (2023) features a 10.9-inch Liquid Retina display, A15 Bionic chip, Apple Pencil support, and USB-C connectivity, offering powerful performance and versatility for productivity and entertainment.', 100, 1, '2023-07-16 06:35:00', '2023-11-16 06:35:00'),
(321, 'Samsung Galaxy Watch 5', 'samsung-galaxy-watch-5', 21, NULL, NULL, 321, 12000000, 0, 11000000, 'The Samsung Galaxy Watch 5 features a circular Super AMOLED display, advanced health tracking, LTE connectivity, and long-lasting battery life, offering a comprehensive smartwatch experience for fitness and productivity.', 100, 1, '2023-07-16 06:40:00', '2023-11-16 06:40:00'),
(322, 'Sony Xperia 5 IV', 'sony-xperia-5-iv', 3, NULL, NULL, 322, 85000000, 0, 82000000, 'The Sony Xperia 5 IV is a compact flagship smartphone with a 6.1-inch OLED display, Snapdragon 8 Gen 2 processor, triple-camera system, and 5G connectivity, offering premium features and performance in a pocket-friendly design.', 100, 1, '2023-07-16 06:45:00', '2023-11-16 06:45:00'),
(323, 'Dell Alienware Aurora R13 Gaming Desktop', 'dell-alienware-aurora-r13-gaming-desktop', 18, NULL, NULL, 323, 80000000, 0, 78000000, 'The Dell Alienware Aurora R13 is a gaming desktop with Intel Core i9 processor, NVIDIA GeForce RTX 3090 GPU, customizable RGB lighting, and advanced cooling, offering high-performance gaming and VR experiences for enthusiasts.', 50, 1, '2023-07-16 06:50:00', '2023-11-16 06:50:00'),
(324, 'GoPro Hero 11 Black Action Camera', 'gopro-hero-11-black-action-camera', 22, NULL, NULL, 324, 55000000, 0, 52000000, 'The GoPro Hero 11 Black is an action camera with 5.3K video recording, HyperSmooth 5.0 stabilization, and improved low-light performance, offering high-quality footage and versatile shooting capabilities for adventurers and content creators.', 100, 1, '2023-07-16 06:55:00', '2023-11-16 06:55:00'),
(325, 'LG Gram 17 Laptop', 'lg-gram-17-laptop', 15, NULL, NULL, 325, 40000000, 0, 38000000, 'The LG Gram 17 is a lightweight laptop with a 17-inch IPS display, Intel Core i7 processor, and long-lasting battery life, offering portability and productivity for professionals and travelers.', 100, 1, '2023-07-16 07:00:00', '2023-11-16 07:00:00'),
(326, 'Microsoft Xbox Game Pass Ultimate Subscription', 'microsoft-xbox-game-pass-ultimate-subscription', 16, NULL, NULL, 326, 12000000, 0, 11000000, 'The Microsoft Xbox Game Pass Ultimate subscription includes access to a vast library of games, Xbox Live Gold membership, EA Play, cloud gaming, and exclusive perks, offering an all-in-one gaming experience on Xbox consoles, PC, and mobile.', 100, 1, '2023-07-16 07:05:00', '2023-11-16 07:05:00'),
(327, 'Huawei MateBook X Pro (2023)', 'huawei-matebook-x-pro-2023', 15, NULL, NULL, 327, 38000000, 0, 36000000, 'The Huawei MateBook X Pro (2023) is a premium ultrabook with a 14-inch 3.5K touchscreen display, Intel Core i7 processor, NVIDIA GeForce MX550 GPU, and sleek design, offering powerful performance and portability for professionals.', 100, 1, '2023-07-16 07:10:00', '2023-11-16 07:10:00'),
(328, 'Canon RF 24-70mm f/2.8L IS USM Lens', 'canon-rf-24-70mm-f-2-8l-is-usm-lens', 22, NULL, NULL, 328, 28000000, 0, 26000000, 'The Canon RF 24-70mm f/2.8L IS USM lens is a versatile zoom lens for Canon EOS R series cameras, offering sharp image quality, fast aperture, image stabilization, and weather-sealed construction for professional photography.', 50, 1, '2023-07-16 07:15:00', '2023-11-16 07:15:00'),
(329, 'Samsung Odyssey Neo G9 Gaming Monitor', 'samsung-odyssey-neo-g9-gaming-monitor', 20, NULL, NULL, 329, 150000000, 0, 148000000, 'The Samsung Odyssey Neo G9 is a gaming monitor with a 49-inch curved QLED display, 240Hz refresh rate, 1000R curvature, and HDR2000, offering immersive gaming visuals and high-speed performance for enthusiasts.', 50, 1, '2023-07-16 07:20:00', '2023-11-16 07:20:00'),
(330, 'Apple Mac mini (2023)', 'apple-mac-mini-2023', 18, NULL, NULL, 330, 28000000, 0, 26000000, 'The Apple Mac mini (2023) features an M2 chip, up to 64GB of RAM, Thunderbolt 4 ports, and macOS Monterey, offering powerful performance and connectivity in a compact desktop form factor for creative work and home entertainment.', 100, 1, '2023-07-16 07:25:00', '2023-11-16 07:25:00'),
(331, 'OnePlus 12 Pro 5G', 'oneplus-12-pro-5g', 3, NULL, NULL, 331, 65000000, 0, 63000000, 'The OnePlus 12 Pro 5G features a 6.7-inch Fluid AMOLED display, Snapdragon 8 Gen 2 chipset, Hasselblad quad-camera system, and OxygenOS, offering flagship-level performance and photography capabilities.', 100, 1, '2023-07-16 07:30:00', '2023-11-16 07:30:00'),
(332, 'Sennheiser HD 660 S Headphones', 'sennheiser-hd-660-s-headphones', 22, NULL, NULL, 332, 8000000, 0, 7500000, 'The Sennheiser HD 660 S headphones feature high-quality open-back design, advanced drivers, and comfortable fit, delivering natural sound reproduction and listening comfort for audiophiles and music enthusiasts.', 100, 1, '2023-07-16 07:35:00', '2023-11-16 07:35:00'),
(333, 'Dell UltraSharp 40 Curved WUHD Monitor', 'dell-ultrasharp-40-curved-wuhd-monitor', 20, NULL, NULL, 333, 24000000, 0, 22000000, 'The Dell UltraSharp 40 Curved WUHD Monitor features a 40-inch curved display, 5K resolution, USB-C connectivity, and PremierColor, offering a spacious and color-accurate workspace for professionals and content creators.', 50, 1, '2023-07-16 07:40:00', '2023-11-16 07:40:00'),
(334, 'ASUS ROG Phone 6', 'asus-rog-phone-6', 2, NULL, NULL, 334, 25000000, 0, 23000000, 'The ASUS ROG Phone 6 is a gaming smartphone with a 6.8-inch AMOLED display, Snapdragon 8 Gen 2 processor, 144Hz refresh rate, and AirTrigger buttons, offering high-performance gaming and multimedia experiences for gamers.', 100, 1, '2023-07-16 07:45:00', '2023-11-16 07:45:00'),
(335, 'Nikon Z9 Mirrorless Camera', 'nikon-z9-mirrorless-camera', 22, NULL, NULL, 335, 120000000, 0, 118000000, 'The Nikon Z9 is a flagship mirrorless camera with a 45.7MP sensor, 8K video recording, dual processors, and advanced autofocus system, offering professional-grade imaging capabilities and high-speed performance for photographers and videographers.', 50, 1, '2023-07-16 07:50:00', '2023-11-16 07:50:00'),
(336, 'LG OLED C2 4K Smart TV', 'lg-oled-c2-4k-smart-tv', 17, NULL, NULL, 336, 90000000, 0, 88000000, 'The LG OLED C2 4K Smart TV features a 55-inch OLED panel, α9 Gen 5 AI Processor 4K, Dolby Vision IQ, Dolby Atmos, and webOS with LG ThinQ AI, offering immersive visuals, AI-powered enhancement, and smart home integration for an exceptional viewing experience.', 200, 1, '2023-07-16 07:55:00', '2023-11-16 07:55:00'),
(337, 'Razer Huntsman V2 Analog Gaming Keyboard', 'razer-huntsman-v2-analog-gaming-keyboard', 14, NULL, NULL, 337, 4500000, 0, 4200000, 'The Razer Huntsman V2 Analog is a gaming keyboard with Analog Optical Switches, customizable actuation, RGB Chroma lighting, and programmable keys, offering precise control and immersive gaming experiences for enthusiasts.', 100, 1, '2023-07-16 08:00:00', '2023-11-16 08:00:00'),
(338, 'Sony Alpha 7 V Mirrorless Camera', 'sony-alpha-7-v-mirrorless-camera', 22, NULL, NULL, 338, 75000000, 0, 73000000, 'The Sony Alpha 7 V is a full-frame mirrorless camera with a 42.4MP sensor, 4K video recording, advanced autofocus, and fast continuous shooting, offering high-resolution imaging and versatile performance for photographers.', 100, 1, '2023-07-16 08:05:00', '2023-11-16 08:05:00'),
(339, 'Apple AirPods Pro 2', 'apple-airpods-pro-2', 10, NULL, NULL, 339, 7000000, 0, 6800000, 'The Apple AirPods Pro 2 are true wireless earbuds with active noise cancellation, spatial audio, and Adaptive EQ, offering immersive sound quality and customizable fit for music and calls.', 100, 1, '2023-07-16 08:10:00', '2023-11-16 08:10:00'),
(340, 'Lenovo Legion 7i Gaming Laptop', 'lenovo-legion-7i-gaming-laptop', 15, NULL, NULL, 340, 55000000, 0, 53000000, 'The Lenovo Legion 7i is a gaming laptop with a 15.6-inch QHD display, Intel Core i9 processor, NVIDIA GeForce RTX 3080 GPU, and Legion TrueStrike keyboard, offering powerful gaming performance and premium features for gamers.', 100, 1, '2023-07-16 08:15:00', '2023-11-16 08:15:00'),
(341, 'Fitbit Charge 6 Fitness Tracker', 'fitbit-charge-6-fitness-tracker', 11, NULL, NULL, 341, 3500000, 0, 3200000, 'The Fitbit Charge 6 is a fitness tracker with heart rate monitoring, activity tracking, sleep insights, and built-in GPS, offering comprehensive health and fitness monitoring for active lifestyles.', 100, 1, '2023-07-16 08:20:00', '2023-11-16 08:20:00'),
(342, 'Microsoft Surface Pro 10', 'microsoft-surface-pro-10', 9, NULL, NULL, 342, 38000000, 0, 36000000, 'The Microsoft Surface Pro 10 features a 13-inch PixelSense display, Intel Core i5 processor, Surface Pen support, and Windows 11, offering versatility and productivity in a sleek tablet form factor.', 100, 1, '2023-07-16 08:25:00', '2023-11-16 08:25:00'),
(343, 'Logitech MX Keys Mini Wireless Keyboard', 'logitech-mx-keys-mini-wireless-keyboard', 14, NULL, NULL, 343, 3000000, 0, 2800000, 'The Logitech MX Keys Mini is a compact wireless keyboard with backlighting, macOS and Windows compatibility, and comfortable typing experience, offering productivity and convenience for work and home setups.', 100, 1, '2023-07-16 08:30:00', '2023-11-16 08:30:00'),
(344, 'AMD Ryzen 9 7990X Processor', 'amd-ryzen-9-7990x-processor', 18, NULL, NULL, 344, 24000000, 0, 22000000, 'The AMD Ryzen 9 7990X is a high-performance processor with 32 cores, 64 threads, and PCIe 4.0 support, offering exceptional computing power for gaming, content creation, and multitasking.', 50, 1, '2023-07-16 08:35:00', '2023-11-16 08:35:00'),
(345, 'Samsung Galaxy Buds Pro 2', 'samsung-galaxy-buds-pro-2', 10, NULL, NULL, 345, 4000000, 0, 3800000, 'The Samsung Galaxy Buds Pro 2 are true wireless earbuds with active noise cancellation, 360 Audio, and IPX7 water resistance, offering premium sound quality and smart features for music and calls.', 100, 1, '2023-07-16 08:40:00', '2023-11-16 08:40:00'),
(346, 'Acer Predator Orion 5000 Gaming Desktop', 'acer-predator-orion-5000-gaming-desktop', 18, NULL, NULL, 346, 60000000, 0, 58000000, 'The Acer Predator Orion 5000 is a gaming desktop with Intel Core i9 processor, NVIDIA GeForce RTX 3090 GPU, liquid cooling, and customizable RGB lighting, offering high-performance gaming and multitasking capabilities for enthusiasts.', 50, 1, '2023-07-16 08:45:00', '2023-11-16 08:45:00'),
(347, 'Garmin Edge 1040 Plus GPS Bike Computer', 'garmin-edge-1040-plus-gps-bike-computer', 21, NULL, NULL, 347, 18000000, 0, 16000000, 'The Garmin Edge 1040 Plus is a GPS bike computer with advanced navigation, performance monitoring, and safety features, offering cyclists comprehensive data and insights for training and exploration.', 100, 1, '2023-07-16 08:50:00', '2023-11-16 08:50:00'),
(348, 'HP Spectre x360 14 Convertible Laptop', 'hp-spectre-x360-14-convertible-laptop', 15, NULL, NULL, 348, 40000000, 0, 38000000, 'The HP Spectre x360 14 is a convertible laptop with a 14-inch OLED display, Intel Core i7 processor, and versatile 2-in-1 design, offering productivity and creativity in a sleek and portable form factor.', 100, 1, '2023-07-16 08:55:00', '2023-11-16 08:55:00'),
(349, 'Sony WF-1000XM4 True Wireless Earbuds', 'sony-wf-1000xm4-true-wireless-earbuds', 10, NULL, NULL, 349, 5500000, 0, 5200000, 'The Sony WF-1000XM4 are true wireless earbuds with industry-leading noise cancellation, Hi-Res audio, and up to 8 hours of battery life, offering premium sound quality and long-lasting comfort for music and calls.', 100, 1, '2023-07-16 09:00:00', '2023-11-16 09:00:00'),
(350, 'Lenovo Yoga Tab 13', 'lenovo-yoga-tab-13', 9, NULL, NULL, 350, 12000000, 0, 11000000, 'The Lenovo Yoga Tab 13 is a versatile Android tablet with a 13-inch 2K display, built-in kickstand, Snapdragon 870 processor, and Dolby Atmos sound, offering immersive entertainment and productivity features.', 100, 1, '2023-07-16 09:05:00', '2023-11-16 09:05:00'),
(351, 'Logitech G Pro X Superlight Wireless Gaming Mouse', 'logitech-g-pro-x-superlight-wireless-gaming-mouse', 13, NULL, NULL, 351, 3500000, 0, 3200000, 'The Logitech G Pro X Superlight is a wireless gaming mouse with HERO sensor, ultra-lightweight design, and customizable buttons, offering precise control and performance for competitive gamers.', 100, 1, '2023-07-16 09:10:00', '2023-11-16 09:10:00'),
(352, 'Apple Watch Series 8', 'apple-watch-series-8', 21, NULL, NULL, 352, 15000000, 0, 13000000, 'The Apple Watch Series 8 features a larger display, advanced health tracking, ECG app, and always-on Retina display, offering fitness insights and connectivity on your wrist.', 100, 1, '2023-07-16 09:15:00', '2023-11-16 09:15:00'),
(353, 'AMD Radeon RX 8950 XT Graphics Card', 'amd-radeon-rx-8950-xt-graphics-card', 19, NULL, NULL, 353, 60000000, 0, 58000000, 'The AMD Radeon RX 8950 XT is a high-performance graphics card based on RDNA 3 architecture, offering 4K gaming, ray tracing, and AI-powered features for immersive gaming experiences.', 50, 1, '2023-07-16 09:20:00', '2023-11-16 09:20:00'),
(354, 'Google Pixel 7 Pro', 'google-pixel-7-pro', 3, NULL, NULL, 354, 65000000, 0, 62000000, 'The Google Pixel 7 Pro features a 6.7-inch LTPO OLED display, Snapdragon 8 Gen 2 processor, Google Tensor chip, and advanced camera system with improved computational photography, offering flagship performance and photography capabilities.', 100, 1, '2023-07-16 09:25:00', '2023-11-16 09:25:00'),
(355, 'Bose QuietComfort 45 Noise-Canceling Headphones', 'bose-quietcomfort-45-noise-canceling-headphones', 22, NULL, NULL, 355, 5500000, 0, 5200000, 'The Bose QuietComfort 45 headphones feature world-class noise cancellation, balanced audio performance, and up to 24 hours of battery life, providing a quiet and immersive listening experience for travelers and commuters.', 100, 1, '2023-07-16 09:30:00', '2023-11-16 09:30:00'),
(356, 'Samsung Galaxy S23 Ultra', 'samsung-galaxy-s23-ultra', 3, NULL, NULL, 356, 90000000, 0, 88000000, 'The Samsung Galaxy S23 Ultra features a 6.8-inch Dynamic AMOLED display, Exynos 8000 series processor, S Pen integration, and advanced camera system with improved low-light performance, offering flagship-level performance and photography capabilities.', 100, 1, '2023-07-16 09:35:00', '2023-11-16 09:35:00'),
(357, 'HP OMEN 45L Gaming Desktop', 'hp-omen-45l-gaming-desktop', 18, NULL, NULL, 357, 60000000, 0, 58000000, 'The HP OMEN 45L is a gaming desktop with AMD Ryzen processor, NVIDIA GeForce RTX 3080 Ti GPU, customizable RGB lighting, and tool-less upgradability, offering high-performance gaming and multitasking for enthusiasts.', 50, 1, '2023-07-16 09:40:00', '2023-11-16 09:40:00'),
(358, 'Apple MacBook Air (2023)', 'apple-macbook-air-2023', 18, NULL, NULL, 358, 35000000, 0, 33000000, 'The Apple MacBook Air (2023) features an M2 chip, up to 16GB of RAM, Retina display, and macOS Monterey, offering a lightweight and powerful laptop for everyday productivity and creativity.', 100, 1, '2023-07-16 09:45:00', '2023-11-16 09:45:00'),
(359, 'LG UltraGear 38GN950-B Gaming Monitor', 'lg-ultragear-38gn950-b-gaming-monitor', 20, NULL, NULL, 359, 30000000, 0, 28000000, 'The LG UltraGear 38GN950-B is a gaming monitor with a 38-inch Nano IPS display, 144Hz refresh rate, 1ms response time, and NVIDIA G-SYNC compatibility, offering immersive visuals and smooth gameplay for enthusiasts.', 50, 1, '2023-07-16 09:50:00', '2023-11-16 09:50:00'),
(360, 'Sony Xperia 1 V', 'sony-xperia-1-v', 3, NULL, NULL, 360, 75000000, 0, 73000000, 'The Sony Xperia 1 V is a flagship smartphone with a 6.5-inch 4K OLED display, Snapdragon 8 Gen 2 processor, triple-camera system, and 5G connectivity, offering premium multimedia experiences and photography features.', 100, 1, '2023-07-16 09:55:00', '2023-11-16 09:55:00'),
(361, 'Razer Blade 17 Pro Gaming Laptop', 'razer-blade-17-pro-gaming-laptop', 15, NULL, NULL, 361, 75000000, 0, 73000000, 'The Razer Blade 17 Pro is a gaming laptop with a 17.3-inch 4K display, Intel Core i9 processor, NVIDIA GeForce RTX 3080 Ti GPU, and customizable RGB Chroma lighting, offering high-performance gaming and content creation capabilities.', 100, 1, '2023-07-16 10:00:00', '2023-11-16 10:00:00'),
(362, 'Canon EOS R1 Mirrorless Camera', 'canon-eos-r1-mirrorless-camera', 22, NULL, NULL, 362, 120000000, 0, 118000000, 'The Canon EOS R1 is a flagship mirrorless camera with a 24.2MP sensor, 8K video recording, advanced autofocus, and fast continuous shooting, offering professional-grade imaging and performance for photographers and videographers.', 50, 1, '2023-07-16 10:05:00', '2023-11-16 10:05:00'),
(363, 'Microsoft Surface Laptop Studio', 'microsoft-surface-laptop-studio', 18, NULL, NULL, 363, 58000000, 0, 56000000, 'The Microsoft Surface Laptop Studio features a 14.4-inch PixelSense Flow display, Intel Core i7 processor, NVIDIA RTX GPU, and innovative design with Studio Mode, offering versatility and performance for creatives and professionals.', 100, 1, '2023-07-16 10:10:00', '2023-11-16 10:10:00'),
(364, 'ASUS ROG Strix Scar 17 Gaming Laptop', 'asus-rog-strix-scar-17-gaming-laptop', 15, NULL, NULL, 364, 65000000, 0, 63000000, 'The ASUS ROG Strix Scar 17 is a gaming laptop with a 17.3-inch QHD display, Intel Core i9 processor, NVIDIA GeForce RTX 3090 GPU, and mechanical keyboard, offering high-performance gaming and esports capabilities for competitive gamers.', 100, 1, '2023-07-16 10:15:00', '2023-11-16 10:15:00'),
(365, 'GoPro MAX 2 360-Degree Action Camera', 'gopro-max-2-360-degree-action-camera', 22, NULL, NULL, 365, 70000000, 0, 68000000, 'The GoPro MAX 2 is a 360-degree action camera with 5.6K video recording, Max HyperSmooth stabilization, and front-facing display, offering immersive footage and creative shooting capabilities for adventurers and content creators.', 100, 1, '2023-07-16 10:20:00', '2023-11-16 10:20:00'),
(366, 'Dell XPS 15 Laptop', 'dell-xps-15-laptop', 15, NULL, NULL, 366, 45000000, 0, 43000000, 'The Dell XPS 15 is a premium laptop with a 15.6-inch 4K OLED display, Intel Core i7 processor, NVIDIA GeForce RTX 3050 Ti GPU, and InfinityEdge design, offering powerful performance and stunning visuals for professionals and creators.', 100, 1, '2023-07-16 10:25:00', '2023-11-16 10:25:00'),
(367, 'Samsung Odyssey G9 Gaming Monitor', 'samsung-odyssey-g9-gaming-monitor', 20, NULL, NULL, 367, 120000000, 0, 118000000, 'The Samsung Odyssey G9 is a gaming monitor with a 49-inch curved QLED display, 240Hz refresh rate, 1000R curvature, and HDR1000, offering immersive visuals and high-speed performance for enthusiasts.', 50, 1, '2023-07-16 10:30:00', '2023-11-16 10:30:00'),
(368, 'Sony Xperia Pro II', 'sony-xperia-pro-ii', 3, NULL, NULL, 368, 110000000, 0, 108000000, 'The Sony Xperia Pro II is a professional smartphone with a 6.5-inch 4K OLED display, Snapdragon 8 Gen 2 processor, 5G mmWave connectivity, and HDMI input, offering advanced multimedia capabilities and content creation features.', 100, 1, '2023-07-16 10:35:00', '2023-11-16 10:35:00'),
(369, 'Apple iPhone 15 Pro', 'apple-iphone-15-pro', 3, NULL, NULL, 369, 105000000, 0, 103000000, 'The Apple iPhone 15 Pro features a 6.7-inch ProMotion XDR display, A16 Bionic chip, advanced camera system with improved Night mode, and 5G connectivity, offering flagship performance and photography capabilities.', 100, 1, '2023-07-16 10:40:00', '2023-11-16 10:40:00'),
(370, 'Microsoft Xbox Series Z Console', 'microsoft-xbox-series-z-console', 16, NULL, NULL, 370, 110000000, 0, 108000000, 'The Microsoft Xbox Series Z is a high-performance gaming console with AMD Zen 4 architecture, RDNA 3 graphics, 8K gaming support, and Xbox Game Pass, offering immersive gaming experiences and entertainment.', 50, 1, '2023-07-16 10:45:00', '2023-11-16 10:45:00'),
(371, 'Samsung Galaxy Tab S8 Ultra', 'samsung-galaxy-tab-s8-ultra', 9, NULL, NULL, 371, 60000000, 0, 58000000, 'The Samsung Galaxy Tab S8 Ultra is a premium Android tablet with a 14.6-inch Super AMOLED display, S Pen support, Snapdragon 8 Gen 2 chipset, and 5G connectivity, offering productivity and entertainment on a large immersive screen.', 50, 1, '2023-07-16 10:50:00', '2023-11-16 10:50:00'),
(372, 'Acer Predator Helios 500 Gaming Laptop', 'acer-predator-helios-500-gaming-laptop', 15, NULL, NULL, 372, 55000000, 0, 53000000, 'The Acer Predator Helios 500 is a gaming laptop with a 17.3-inch 4K display, AMD Ryzen 9 processor, NVIDIA GeForce RTX 3080 GPU, and mechanical keyboard, offering high-performance gaming and multitasking capabilities for enthusiasts.', 100, 1, '2023-07-16 10:55:00', '2023-11-16 10:55:00'),
(373, 'Sony WH-1000XM5 Noise-Canceling Headphones', 'sony-wh-1000xm5-noise-canceling-headphones', 22, NULL, NULL, 373, 6500000, 0, 6200000, 'The Sony WH-1000XM5 headphones feature industry-leading noise cancellation, 360 Reality Audio, and Speak-to-Chat technology, offering premium sound quality and smart features for music and calls.', 100, 1, '2023-07-16 11:00:00', '2023-11-16 11:00:00'),
(374, 'DJI Air 2S Drone', 'dji-air-2s-drone', 21, NULL, NULL, 374, 22000000, 0, 20000000, 'The DJI Air 2S is a compact drone with a 1-inch CMOS sensor, 5.4K video recording, MasterShots, and O3 transmission, offering high-quality aerial photography and intelligent flight modes for enthusiasts and content creators.', 100, 1, '2023-07-16 11:05:00', '2023-11-16 11:05:00'),
(375, 'HP ENVY 34 All-in-One Desktop', 'hp-envy-34-all-in-one-desktop', 18, NULL, NULL, 375, 38000000, 0, 36000000, 'The HP ENVY 34 is an all-in-one desktop with a 34-inch 5K display, Intel Core i7 processor, NVIDIA GeForce RTX 3080 GPU, and Bang & Olufsen audio, offering powerful performance and immersive entertainment in a stylish design.', 100, 1, '2023-07-16 11:10:00', '2023-11-16 11:10:00'),
(376, 'Samsung Galaxy Watch 5', 'samsung-galaxy-watch-5', 21, NULL, NULL, 376, 8000000, 0, 7800000, 'The Samsung Galaxy Watch 5 features a circular Super AMOLED display, advanced health tracking, ECG monitoring, and LTE connectivity, offering fitness insights and smartwatch functionality in a stylish design.', 100, 1, '2023-07-16 11:15:00', '2023-11-16 11:15:00'),
(377, 'ASUS TUF Gaming VG32VQ1B Curved Gaming Monitor', 'asus-tuf-gaming-vg32vq1b-curved-gaming-monitor', 20, NULL, NULL, 377, 12000000, 0, 11000000, 'The ASUS TUF Gaming VG32VQ1B is a curved gaming monitor with a 32-inch VA panel, 165Hz refresh rate, 1ms response time, and FreeSync Premium technology, offering immersive visuals and smooth gameplay for gamers.', 100, 1, '2023-07-16 11:20:00', '2023-11-16 11:20:00'),
(378, 'Apple iPad Air (2023)', 'apple-ipad-air-2023', 9, NULL, NULL, 378, 18000000, 0, 16000000, 'The Apple iPad Air (2023) features an M2 chip, Liquid Retina display, Apple Pencil support, and iPadOS, offering a versatile tablet experience for productivity, creativity, and entertainment.', 100, 1, '2023-07-16 11:25:00', '2023-11-16 11:25:00'),
(379, 'Logitech G923 Racing Wheel', 'logitech-g923-racing-wheel', 12, NULL, NULL, 379, 4500000, 0, 4200000, 'The Logitech G923 is a racing wheel and pedal set for PC and console gaming, featuring TRUEFORCE technology, responsive pedals, and programmable buttons, offering realistic racing experiences and precise control for racing enthusiasts.', 100, 1, '2023-07-16 11:30:00', '2023-11-16 11:30:00'),
(380, 'NVIDIA GeForce RTX 4080 Graphics Card', 'nvidia-geforce-rtx-4080-graphics-card', 19, NULL, NULL, 380, 90000000, 0, 88000000, 'The NVIDIA GeForce RTX 4080 is a high-performance graphics card based on Ampere architecture, offering ray tracing, DLSS, and AI-powered features for immersive gaming and content creation experiences.', 50, 1, '2023-07-16 11:35:00', '2023-11-16 11:35:00'),
(381, 'Sony PlayStation VR2', 'sony-playstation-vr2', 16, NULL, NULL, 381, 12000000, 0, 11000000, 'The Sony PlayStation VR2 is a virtual reality headset with OLED display, HDR, haptic feedback, and 4K HDR passthrough, offering immersive gaming and entertainment experiences for PlayStation users.', 100, 1, '2023-07-16 11:40:00', '2023-11-16 11:40:00'),
(382, 'Apple Mac Studio (2023)', 'apple-mac-studio-2023', 18, NULL, NULL, 382, 45000000, 0, 43000000, 'The Apple Mac Studio (2023) features an M2 Ultra chip, up to 64GB of RAM, multiple Thunderbolt 4 ports, and macOS Monterey, offering workstation-level performance and expandability for creative professionals.', 100, 1, '2023-07-16 11:45:00', '2023-11-16 11:45:00'),
(383, 'Samsung Galaxy Note 23 Ultra', 'samsung-galaxy-note-23-ultra', 3, NULL, NULL, 383, 90000000, 0, 88000000, 'The Samsung Galaxy Note 23 Ultra features an S Pen, 6.9-inch Dynamic AMOLED display, Snapdragon 8 Gen 2 processor, and advanced camera system with improved Pro mode, offering productivity and creativity for power users.', 100, 1, '2023-07-16 11:50:00', '2023-11-16 11:50:00'),
(384, 'Razer Kiyo Pro Webcam', 'razer-kiyo-pro-webcam', 21, NULL, NULL, 384, 8000000, 0, 7500000, 'The Razer Kiyo Pro is a webcam with adaptive light sensor, HDR, and 1080p Full HD resolution, offering high-quality video streaming and content creation for gamers, streamers, and professionals.', 100, 1, '2023-07-16 11:55:00', '2023-11-16 11:55:00'),
(385, 'Bose SoundLink Flex Portable Bluetooth Speaker', 'bose-soundlink-flex-portable-bluetooth-speaker', 13, NULL, NULL, 385, 2500000, 0, 2300000, 'The Bose SoundLink Flex is a portable Bluetooth speaker with 360-degree sound, rugged design, and IP67 waterproof rating, offering wireless music playback and hands-free calls in various outdoor and indoor environments.', 100, 1, '2023-07-16 12:00:00', '2023-11-16 12:00:00'),
(386, 'Google Pixelbook Go (2023)', 'google-pixelbook-go-2023', 18, NULL, NULL, 386, 25000000, 0, 23000000, 'The Google Pixelbook Go (2023) features a 13.3-inch touchscreen display, Intel Core i5 processor, Titan C security chip, and Chrome OS, offering a lightweight and portable laptop experience for productivity and entertainment.', 100, 1, '2023-07-16 12:05:00', '2023-11-16 12:05:00'),
(387, 'OnePlus 11 Pro', 'oneplus-11-pro', 3, NULL, NULL, 387, 65000000, 0, 62000000, 'The OnePlus 11 Pro features a 6.7-inch Fluid AMOLED display, Snapdragon 8 Gen 2 processor, Hasselblad-tuned camera system, and OxygenOS, offering flagship-level performance and photography experiences.', 100, 1, '2023-07-16 12:10:00', '2023-11-16 12:10:00'),
(388, 'Alienware Aurora R15 Gaming Desktop', 'alienware-aurora-r15-gaming-desktop', 18, NULL, NULL, 388, 65000000, 0, 63000000, 'The Alienware Aurora R15 is a gaming desktop with Intel Core i9 processor, NVIDIA GeForce RTX 3080 Ti GPU, Alienware Cryo-Tech cooling, and customizable RGB lighting, offering high-performance gaming and VR experiences for enthusiasts.', 50, 1, '2023-07-16 12:15:00', '2023-11-16 12:15:00'),
(389, 'Canon EOS R7 Mirrorless Camera', 'canon-eos-r7-mirrorless-camera', 22, NULL, NULL, 389, 45000000, 0, 43000000, 'The Canon EOS R7 is a mirrorless camera with a 32.5MP sensor, 4K video recording, advanced autofocus, and DIGIC X processor, offering high-speed performance and versatile imaging capabilities for photographers.', 100, 1, '2023-07-16 12:20:00', '2023-11-16 12:20:00'),
(390, 'Lenovo Legion 5 Pro Gaming Laptop', 'lenovo-legion-5-pro-gaming-laptop', 15, NULL, NULL, 390, 48000000, 0, 46000000, 'The Lenovo Legion 5 Pro is a gaming laptop with a 16-inch WQXGA display, AMD Ryzen 9 processor, NVIDIA GeForce RTX 3070 GPU, and Legion TrueStrike keyboard, offering high-performance gaming and content creation capabilities for enthusiasts.', 100, 1, '2023-07-16 12:25:00', '2023-11-16 12:25:00'),
(391, 'Fitbit Luxe Fitness Tracker', 'fitbit-luxe-fitness-tracker', 11, NULL, NULL, 391, 2500000, 0, 2300000, 'The Fitbit Luxe is a fitness tracker with a slim design, AMOLED touchscreen, activity tracking, and sleep monitoring, offering style and health insights for everyday wear.', 100, 1, '2023-07-16 12:30:00', '2023-11-16 12:30:00'),
(392, 'Microsoft Surface Duo 3', 'microsoft-surface-duo-3', 9, NULL, NULL, 392, 9000000, 0, 8700000, 'The Microsoft Surface Duo 3 features dual displays, Snapdragon 8 Gen 2 processor, Surface Slim Pen support, and 5G connectivity, offering productivity and multitasking in a compact and versatile form factor.', 100, 1, '2023-07-16 12:35:00', '2023-11-16 12:35:00'),
(393, 'LG CineBeam HU715Q UST Projector', 'lg-cinebeam-hu715q-ust-projector', 22, NULL, NULL, 393, 32000000, 0, 31000000, 'The LG CineBeam HU715Q is an ultra-short-throw projector with 4K UHD resolution, HDR10 support, webOS 6.0, and LG ThinQ AI, offering cinematic visuals and smart features for home entertainment.', 100, 1, '2023-07-16 12:40:00', '2023-11-16 12:40:00'),
(394, 'AMD Ryzen Threadripper 5990X Processor', 'amd-ryzen-threadripper-5990x-processor', 18, NULL, NULL, 394, 28000000, 0, 26000000, 'The AMD Ryzen Threadripper 5990X is a high-end desktop processor with 64 cores, 128 threads, and PCIe 4.0 support, offering extreme multitasking and computing power for content creators, developers, and enthusiasts.', 50, 1, '2023-07-16 12:45:00', '2023-11-16 12:45:00'),
(395, 'Apple AirPods Max 2', 'apple-airpods-max-2', 10, NULL, NULL, 395, 9500000, 0, 9200000, 'The Apple AirPods Max 2 are over-ear headphones with active noise cancellation, Spatial Audio, and computational audio, offering premium sound quality and immersive experiences for music and calls.', 100, 1, '2023-07-16 12:50:00', '2023-11-16 12:50:00'),
(396, 'Samsung 8K QLED QN900A Series Smart TV', 'samsung-8k-qled-qn900a-series-smart-tv', 2, NULL, NULL, 396, 90000000, 0, 88000000, 'The Samsung 8K QLED QN900A Series Smart TV features an 85-inch Quantum Matrix Technology Pro display, Neo Quantum Processor 16K, Object Tracking Sound+, and Samsung Tizen OS, offering immersive visuals and smart TV experiences for entertainment enthusiasts.', 100, 1, '2023-07-16 12:55:00', '2023-11-16 12:55:00'),
(397, 'Acer Chromebook Spin 513', 'acer-chromebook-spin-513', 18, NULL, NULL, 397, 9000000, 0, 8700000, 'The Acer Chromebook Spin 513 features a 13.5-inch 2K VertiView display, MediaTek MT8183 processor, 2-in-1 design, and Chrome OS, offering versatility and productivity for students and professionals.', 100, 1, '2023-07-16 13:00:00', '2023-11-16 13:00:00'),
(398, 'Sony A9 IV Mirrorless Camera', 'sony-a9-iv-mirrorless-camera', 21, NULL, NULL, 398, 95000000, 0, 93000000, 'The Sony A9 IV is a flagship mirrorless camera with a 35mm full-frame stacked CMOS sensor, 8K video recording, blackout-free shooting, and advanced autofocus, offering professional-grade performance and imaging capabilities for photographers and videographers.', 50, 1, '2023-07-16 13:05:00', '2023-11-16 13:05:00'),
(399, 'Dell Alienware AW3423DW Gaming Monitor', 'dell-alienware-aw3423dw-gaming-monitor', 20, NULL, NULL, 399, 25000000, 0, 23000000, 'The Dell Alienware AW3423DW is a gaming monitor with a 34-inch curved QD-OLED display, 175Hz refresh rate, 0.1ms response time, and NVIDIA G-SYNC Ultimate, offering immersive visuals and high-speed performance for gaming enthusiasts.', 100, 1, '2023-07-16 13:10:00', '2023-11-16 13:10:00'),
(400, 'Nintendo Switch Pro', 'nintendo-switch-pro', 16, NULL, NULL, 400, 11000000, 0, 10800000, 'The Nintendo Switch Pro features upgraded hardware, 4K support, OLED display, and enhanced Joy-Con controllers, offering improved gaming experiences and versatility for Nintendo enthusiasts.', 100, 1, '2023-07-16 13:15:00', '2023-11-16 13:15:00'),
(401, 'HP Spectre x360 16 Convertible Laptop', 'hp-spectre-x360-16-convertible-laptop', 15, NULL, NULL, 401, 48000000, 0, 46000000, 'The HP Spectre x360 16 is a convertible laptop with a 16-inch OLED display, Intel Core i7 processor, and NVIDIA GeForce RTX 3050 GPU, offering versatile productivity and entertainment in a stylish design.', 100, 1, '2023-07-16 13:20:00', '2023-11-16 13:20:00'),
(402, 'JBL Flip 7 Portable Bluetooth Speaker', 'jbl-flip-7-portable-bluetooth-speaker', 13, NULL, NULL, 402, 3500000, 0, 3200000, 'The JBL Flip 7 is a portable Bluetooth speaker with PartyBoost, IP67 waterproof rating, and up to 12 hours of playtime, offering powerful sound and durability for outdoor and indoor use.', 100, 1, '2023-07-16 13:25:00', '2023-11-16 13:25:00'),
(403, 'Xiaomi Redmi Note 12 Pro', 'xiaomi-redmi-note-12-pro', 3, NULL, NULL, 403, 6500000, 0, 6200000, 'The Xiaomi Redmi Note 12 Pro features a 6.7-inch AMOLED display, MediaTek Dimensity 9000 processor, 120Hz refresh rate, and advanced camera system, offering premium performance and photography capabilities at an affordable price.', 100, 1, '2023-07-16 13:30:00', '2023-11-16 13:30:00'),
(404, 'ASUS ROG Swift PG32UQX Gaming Monitor', 'asus-rog-swift-pg32uqx-gaming-monitor', 20, NULL, NULL, 404, 45000000, 0, 43000000, 'The ASUS ROG Swift PG32UQX is a gaming monitor with a 32-inch Mini LED display, 144Hz refresh rate, NVIDIA G-SYNC Ultimate, and DisplayHDR 1400, offering immersive visuals and high-speed performance for enthusiasts.', 100, 1, '2023-07-16 13:35:00', '2023-11-16 13:35:00'),
(405, 'Apple iMac Pro (2023)', 'apple-imac-pro-2023', 18, NULL, NULL, 405, 85000000, 0, 83000000, 'The Apple iMac Pro (2023) features an M2 Ultra chip, 32-inch 6K Retina display, up to 64GB of RAM, and macOS Monterey, offering professional-grade performance and stunning visuals for creative workflows.', 100, 1, '2023-07-16 13:40:00', '2023-11-16 13:40:00'),
(406, 'NVIDIA GeForce RTX 4070 Graphics Card', 'nvidia-geforce-rtx-4070-graphics-card', 19, NULL, NULL, 406, 70000000, 0, 68000000, 'The NVIDIA GeForce RTX 4070 is a high-performance graphics card based on Ampere architecture, offering ray tracing, DLSS, and AI-powered features for immersive gaming and content creation experiences.', 50, 1, '2023-07-16 13:45:00', '2023-11-16 13:45:00'),
(407, 'Samsung Odyssey Neo G9 Gaming Monitor', 'samsung-odyssey-neo-g9-gaming-monitor', 20, NULL, NULL, 407, 140000000, 0, 138000000, 'The Samsung Odyssey Neo G9 is a gaming monitor with a 49-inch Quantum Mini LED display, 240Hz refresh rate, 1000R curvature, and NVIDIA G-SYNC Ultimate, offering immersive visuals and high-speed performance for enthusiasts.', 50, 1, '2023-07-16 13:50:00', '2023-11-16 13:50:00'),
(408, 'Dell XPS 17 Laptop', 'dell-xps-17-laptop', 15, NULL, NULL, 408, 58000000, 0, 56000000, 'The Dell XPS 17 is a premium laptop with a 17-inch 4K display, Intel Core i9 processor, NVIDIA GeForce RTX 3070 Ti GPU, and large touchpad, offering powerful performance and immersive visuals for professionals and creators.', 100, 1, '2023-07-16 13:55:00', '2023-11-16 13:55:00'),
(409, 'Sony WF-1000XM5 True Wireless Earbuds', 'sony-wf-1000xm5-true-wireless-earbuds', 22, NULL, NULL, 409, 4500000, 0, 4200000, 'The Sony WF-1000XM5 true wireless earbuds feature noise cancellation, Hi-Res Audio, Speak-to-Chat, and IPX4 water resistance, offering premium sound quality and smart features for music and calls.', 100, 1, '2023-07-16 14:00:00', '2023-11-16 14:00:00'),
(410, 'GoPro HERO 12 Action Camera', 'gopro-hero-12-action-camera', 22, NULL, NULL, 410, 35000000, 0, 33000000, 'The GoPro HERO 12 is an action camera with 5.3K video recording, HyperSmooth 4.0 stabilization, and TimeWarp 4.0, offering high-quality footage and creative shooting capabilities for adventurers and content creators.', 100, 1, '2023-07-16 14:05:00', '2023-11-16 14:05:00'),
(411, 'Microsoft Surface Pro 10', 'microsoft-surface-pro-10', 9, NULL, NULL, 411, 58000000, 0, 56000000, 'The Microsoft Surface Pro 10 features a 13-inch PixelSense display, Intel Core i7 processor, Surface Pen support, and Windows 11, offering versatility and productivity in a portable and powerful form factor.', 100, 1, '2023-07-16 14:10:00', '2023-11-16 14:10:00'),
(412, 'Samsung Galaxy Buds Pro 2', 'samsung-galaxy-buds-pro-2', 10, NULL, NULL, 412, 4500000, 0, 4200000, 'The Samsung Galaxy Buds Pro 2 are true wireless earbuds with active noise cancellation, 360 Audio, and water resistance, offering premium sound quality and smart features for music and calls.', 100, 1, '2023-07-16 14:15:00', '2023-11-16 14:15:00'),
(413, 'LG Gram 17 Laptop', 'lg-gram-17-laptop', 15, NULL, NULL, 413, 55000000, 0, 53000000, 'The LG Gram 17 is a lightweight laptop with a 17-inch WQXGA display, Intel Core i7 processor, Thunderbolt 4 ports, and long-lasting battery life, offering portability and productivity for professionals.', 100, 1, '2023-07-16 14:20:00', '2023-11-16 14:20:00'),
(414, 'OnePlus 11T Pro', 'oneplus-11t-pro', 3, NULL, NULL, 414, 65000000, 0, 62000000, 'The OnePlus 11T Pro features a 6.7-inch Fluid AMOLED display, Snapdragon 8 Gen 2 processor, Hasselblad-tuned camera system, and OxygenOS, offering flagship-level performance and photography experiences.', 100, 1, '2023-07-16 14:25:00', '2023-11-16 14:25:00'),
(415, 'Acer Predator Orion 7000 Gaming Desktop', 'acer-predator-orion-7000-gaming-desktop', 18, NULL, NULL, 415, 68000000, 0, 66000000, 'The Acer Predator Orion 7000 is a gaming desktop with Intel Core i9 processor, NVIDIA GeForce RTX 3090 GPU, customizable RGB lighting, and ample upgrade options, offering high-performance gaming and multitasking for enthusiasts.', 100, 1, '2023-07-16 14:30:00', '2023-11-16 14:30:00'),
(416, 'Canon EOS-1D X Mark III DSLR Camera', 'canon-eos-1d-x-mark-iii-dslr-camera', 22, NULL, NULL, 416, 160000000, 0, 158000000, 'The Canon EOS-1D X Mark III is a flagship DSLR camera with a 20.1MP full-frame sensor, 5.5K RAW video recording, advanced autofocus, and rugged design, offering professional-grade performance and reliability for photographers and videographers.', 50, 1, '2023-07-16 14:35:00', '2023-11-16 14:35:00'),
(417, 'Apple Watch Series 8', 'apple-watch-series-8', 21, NULL, NULL, 417, 5500000, 0, 5300000, 'The Apple Watch Series 8 features an Always-On Retina display, blood oxygen monitoring, ECG app, and watchOS, offering health tracking and smartwatch capabilities for fitness enthusiasts and everyday wear.', 100, 1, '2023-07-16 14:40:00', '2023-11-16 14:40:00'),
(418, 'Microsoft Surface Go 4', 'microsoft-surface-go-4', 9, NULL, NULL, 418, 22000000, 0, 20000000, 'The Microsoft Surface Go 4 features a 10.5-inch PixelSense display, Intel Core m3 processor, Surface Pen support, and Windows 11, offering portability and productivity in a compact form factor.', 100, 1, '2023-07-16 14:45:00', '2023-11-16 14:45:00'),
(419, 'Samsung Odyssey G5 Gaming Monitor', 'samsung-odyssey-g5-gaming-monitor', 20, NULL, NULL, 419, 8000000, 0, 7800000, 'The Samsung Odyssey G5 is a gaming monitor with a 27-inch QHD display, 165Hz refresh rate, 1ms response time, and AMD FreeSync Premium, offering smooth visuals and immersive gaming experiences for enthusiasts.', 100, 1, '2023-07-16 14:50:00', '2023-11-16 14:50:00'),
(420, 'Sony Xperia 5 IV', 'sony-xperia-5-iv', 3, NULL, NULL, 420, 75000000, 0, 73000000, 'The Sony Xperia 5 IV features a 6.1-inch 4K HDR OLED display, Snapdragon 8 Gen 2 processor, triple-camera system, and 5G connectivity, offering flagship performance and multimedia experiences in a compact form factor.', 100, 1, '2023-07-16 14:55:00', '2023-11-16 14:55:00'),
(421, 'LG OLED C2 Series Smart TV', 'lg-oled-c2-series-smart-tv', 2, NULL, NULL, 421, 65000000, 0, 63000000, 'The LG OLED C2 Series Smart TV features a 65-inch OLED display, α9 Gen 5 AI Processor 4K, Dolby Vision IQ, Dolby Atmos, and webOS 7.0, offering cinematic visuals and smart TV experiences for home entertainment.', 100, 1, '2023-07-16 15:00:00', '2023-11-16 15:00:00'),
(422, 'Razer Huntsman V3 Analog Gaming Keyboard', 'razer-huntsman-v3-analog-gaming-keyboard', 12, NULL, NULL, 422, 4500000, 0, 4200000, 'The Razer Huntsman V3 Analog is a gaming keyboard with analog optical switches, customizable actuation, and RGB backlighting, offering precise control and customization for gamers and enthusiasts.', 100, 1, '2023-07-16 15:05:00', '2023-11-16 15:05:00'),
(423, 'Xiaomi Mi Pad 6', 'xiaomi-mi-pad-6', 9, NULL, NULL, 423, 7500000, 0, 7300000, 'The Xiaomi Mi Pad 6 features an 11-inch ProMotion display, Snapdragon 8 Gen 2 processor, Apple Pencil support, and iPadOS, offering a versatile tablet experience for productivity and entertainment.', 100, 1, '2023-07-16 15:10:00', '2023-11-16 15:10:00'),
(424, 'DJI Mavic 4 Pro Drone', 'dji-mavic-4-pro-drone', 23, NULL, NULL, 424, 28000000, 0, 26000000, 'The DJI Mavic 4 Pro is a professional drone with a 1-inch CMOS sensor, 8K video recording, omnidirectional obstacle sensing, and O3+ transmission, offering advanced aerial photography and filmmaking capabilities for professionals.', 50, 1, '2023-07-16 15:15:00', '2023-11-16 15:15:00'),
(425, 'HP Pavilion Aero 13 Laptop', 'hp-pavilion-aero-13-laptop', 15, NULL, NULL, 425, 22000000, 0, 20000000, 'The HP Pavilion Aero 13 is a lightweight laptop with a 13.3-inch WQXGA display, AMD Ryzen 7 processor, and Radeon Graphics, offering portability and performance for productivity on the go.', 100, 1, '2023-07-16 15:20:00', '2023-11-16 15:20:00'),
(426, 'Logitech MX Keys Mini Keyboard', 'logitech-mx-keys-mini-keyboard', 12, NULL, NULL, 426, 2500000, 0, 2300000, 'The Logitech MX Keys Mini is a compact wireless keyboard with low-profile keys, smart backlighting, and USB-C rechargeability, offering comfortable typing and productivity for desktop and laptop users.', 100, 1, '2023-07-16 15:25:00', '2023-11-16 15:25:00'),
(427, 'Samsung Galaxy Tab S8 Ultra', 'samsung-galaxy-tab-s8-ultra', 9, NULL, NULL, 427, 22000000, 0, 20000000, 'The Samsung Galaxy Tab S8 Ultra features a 14.6-inch 120Hz Super AMOLED display, Snapdragon 8 Gen 2 processor, S Pen support, and DeX mode, offering productivity and entertainment in a large tablet format.', 100, 1, '2023-07-16 15:30:00', '2023-11-16 15:30:00'),
(428, 'Sony WF-C500 True Wireless Earbuds', 'sony-wf-c500-true-wireless-earbuds', 10, NULL, NULL, 428, 1500000, 0, 1300000, 'The Sony WF-C500 true wireless earbuds feature EXTRA BASS, long battery life, IPX4 water resistance, and Google Fast Pair, offering immersive sound and convenience for music on the go.', 100, 1, '2023-07-16 15:35:00', '2023-11-16 15:35:00'),
(429, 'Lenovo ThinkPad X1 Extreme Gen 5 Laptop', 'lenovo-thinkpad-x1-extreme-gen-5-laptop', 15, NULL, NULL, 429, 68000000, 0, 66000000, 'The Lenovo ThinkPad X1 Extreme Gen 5 is a powerful laptop with a 16-inch 4K OLED display, Intel Core i9 processor, NVIDIA GeForce RTX 3070 Ti GPU, and MIL-SPEC durability, offering premium performance and reliability for professionals.', 100, 1, '2023-07-16 15:40:00', '2023-11-16 15:40:00'),
(430, 'AMD Radeon RX 7950 XT Graphics Card', 'amd-radeon-rx-7950-xt-graphics-card', 19, NULL, NULL, 430, 45000000, 0, 43000000, 'The AMD Radeon RX 7950 XT is a high-performance graphics card based on RDNA 3 architecture, offering ray tracing, FidelityFX Super Resolution, and immersive gaming experiences for enthusiasts and content creators.', 50, 1, '2023-07-16 15:45:00', '2023-11-16 15:45:00'),
(431, 'Apple HomePod mini 2', 'apple-homepod-mini-2', 11, NULL, NULL, 431, 3500000, 0, 3200000, 'The Apple HomePod mini 2 is a smart speaker with Siri voice control, computational audio, and seamless Apple ecosystem integration, offering immersive sound and smart home features for music and home automation.', 100, 1, '2023-07-16 15:50:00', '2023-11-16 15:50:00'),
(432, 'ASUS ROG Zephyrus Duo 16 SE Gaming Laptop', 'asus-rog-zephyrus-duo-16-se-gaming-laptop', 15, NULL, NULL, 432, 62000000, 0, 60000000, 'The ASUS ROG Zephyrus Duo 16 SE is a gaming laptop with a secondary ScreenPad Plus display, AMD Ryzen 9 processor, NVIDIA GeForce RTX 3080 Ti GPU, and liquid metal cooling, offering innovative gaming and multitasking experiences for enthusiasts.', 100, 1, '2023-07-16 15:55:00', '2023-11-16 15:55:00'),
(433, 'Canon EOS R5 C Cinema Camera', 'canon-eos-r5-c-cinema-camera', 22, NULL, NULL, 433, 140000000, 0, 138000000, 'The Canon EOS R5 C is a cinema camera with a 45MP full-frame sensor, 8K DCI video recording, Dual Pixel CMOS AF II, and Canon Log 3, offering professional-grade video production and imaging capabilities for filmmakers and content creators.', 50, 1, '2023-07-16 16:00:00', '2023-11-16 16:00:00'),
(434, 'Samsung Galaxy Book Pro 2 360', 'samsung-galaxy-book-pro-2-360', 15, NULL, NULL, 434, 62000000, 0, 60000000, 'The Samsung Galaxy Book Pro 2 360 is a convertible laptop with a 13.3-inch Super AMOLED display, Intel Core i7 processor, S Pen support, and Windows 11, offering versatility and productivity in a premium ultraportable design.', 100, 1, '2023-07-16 16:05:00', '2023-11-16 16:05:00'),
(435, 'LG Tone Free FP9 True Wireless Earbuds', 'lg-tone-free-fp9-true-wireless-earbuds', 10, NULL, NULL, 435, 3500000, 0, 3300000, 'The LG Tone Free FP9 true wireless earbuds feature Meridian Audio, UVnano self-cleaning case, ANC, and 24-bit Hi-Fi sound, offering premium audio quality and hygiene for music and calls.', 100, 1, '2023-07-16 16:10:00', '2023-11-16 16:10:00'),
(436, 'Dell G15 Ryzen Edition Gaming Laptop', 'dell-g15-ryzen-edition-gaming-laptop', 15, NULL, NULL, 436, 38000000, 0, 36000000, 'The Dell G15 Ryzen Edition is a gaming laptop with a 15.6-inch FHD display, AMD Ryzen 7 processor, NVIDIA GeForce RTX 3060 GPU, and Nahimic 3D audio, offering smooth gameplay and immersive experiences for gamers.', 100, 1, '2023-07-16 16:15:00', '2023-11-16 16:15:00'),
(437, 'Google Nest Hub (2nd Gen)', 'google-nest-hub-2nd-gen', 11, NULL, NULL, 437, 2500000, 0, 2300000, 'The Google Nest Hub (2nd Gen) features a 7-inch touchscreen display, Google Assistant, Sleep Sensing, and smart home control, offering a hub for entertainment, productivity, and home automation.', 100, 1, '2023-07-16 16:20:00', '2023-11-16 16:20:00'),
(438, 'Sony Xperia PRO-I', 'sony-xperia-pro-i', 3, NULL, NULL, 438, 120000000, 0, 118000000, 'The Sony Xperia PRO-I features a 1-inch Exmor RS sensor, ZEISS Tessar T* lens, 4K HDR OLED display, and HDMI input for professional video monitoring and content creation, offering versatile imaging and connectivity for photographers and creators.', 50, 1, '2023-07-16 16:25:00', '2023-11-16 16:25:00'),
(439, 'ASUS ROG Strix Scar 17 Gaming Laptop', 'asus-rog-strix-scar-17-gaming-laptop', 15, NULL, NULL, 439, 68000000, 0, 66000000, 'The ASUS ROG Strix Scar 17 is a gaming laptop with a 17.3-inch QHD display, AMD Ryzen 9 processor, NVIDIA GeForce RTX 3080 Ti GPU, and optical-mechanical keyboard, offering high-performance gaming and content creation capabilities for enthusiasts.', 100, 1, '2023-07-16 16:30:00', '2023-11-16 16:30:00'),
(440, 'Apple iPad Pro 12.9-inch (2023)', 'apple-ipad-pro-12-9-inch-2023', 9, NULL, NULL, 440, 11000000, 0, 10800000, 'The Apple iPad Pro 12.9-inch (2023) features a Liquid Retina XDR display, M2 chip, Thunderbolt 4, and iPadOS, offering powerful performance and creative capabilities for professionals and creatives.', 100, 1, '2023-07-16 16:35:00', '2023-11-16 16:35:00'),
(441, 'HP Envy 34 All-in-One Desktop', 'hp-envy-34-all-in-one-desktop', 18, NULL, NULL, 441, 65000000, 0, 62000000, 'The HP Envy 34 is an all-in-one desktop with a 34-inch Ultra WQHD display, Intel Core i9 processor, NVIDIA GeForce RTX 3080 GPU, and Bang & Olufsen speakers, offering powerful performance and immersive entertainment in a sleek design.', 50, 1, '2023-07-16 16:40:00', '2023-11-16 16:40:00'),
(442, 'Samsung Galaxy S22 Ultra', 'samsung-galaxy-s22-ultra', 3, NULL, NULL, 442, 140000000, 0, 138000000, 'The Samsung Galaxy S22 Ultra features a 6.8-inch Dynamic AMOLED display, Exynos 2200/Snapdragon 8 Gen 2 processor, S Pen support, and advanced camera system, offering flagship performance and productivity in a premium smartphone.', 100, 1, '2023-07-16 16:45:00', '2023-11-16 16:45:00'),
(443, 'Microsoft Surface Laptop Studio', 'microsoft-surface-laptop-studio', 15, NULL, NULL, 443, 65000000, 0, 62000000, 'The Microsoft Surface Laptop Studio features a 14.4-inch PixelSense Flow display, Intel Core i7 processor, NVIDIA GeForce RTX 3050 Ti GPU, and versatile modes, offering creativity and performance for professionals and creators.', 100, 1, '2023-07-16 16:50:00', '2023-11-16 16:50:00'),
(444, 'LG UltraGear 27GN750 Gaming Monitor', 'lg-ultragear-27gn750-gaming-monitor', 20, NULL, NULL, 444, 5000000, 0, 4800000, 'The LG UltraGear 27GN750 is a gaming monitor with a 27-inch Full HD display, 240Hz refresh rate, 1ms response time, and NVIDIA G-SYNC compatibility, offering smooth visuals and responsive gaming experiences.', 100, 1, '2023-07-16 16:55:00', '2023-11-16 16:55:00'),
(445, 'Sony Alpha A7 IV Mirrorless Camera', 'sony-alpha-a7-iv-mirrorless-camera', 22, NULL, NULL, 445, 75000000, 0, 73000000, 'The Sony Alpha A7 IV is a full-frame mirrorless camera with a 33MP sensor, 4K video recording, 5-axis in-body stabilization, and advanced autofocus, offering high-quality imaging and versatile shooting capabilities for photographers and videographers.', 50, 1, '2023-07-16 17:00:00', '2023-11-16 17:00:00'),
(446, 'Lenovo Legion Y7000 Gaming Laptop', 'lenovo-legion-y7000-gaming-laptop', 15, NULL, NULL, 446, 48000000, 0, 46000000, 'The Lenovo Legion Y7000 is a gaming laptop with a 15.6-inch FHD display, Intel Core i7 processor, NVIDIA GeForce RTX 3050 Ti GPU, and Nahimic audio, offering immersive gaming experiences and performance for gamers.', 100, 1, '2023-07-16 17:05:00', '2023-11-16 17:05:00'),
(447, 'Apple iPhone 14 Pro Max', 'apple-iphone-14-pro-max', 3, NULL, NULL, 447, 150000000, 0, 148000000, 'The Apple iPhone 14 Pro Max features a 6.7-inch Super Retina XDR display, A16 Bionic chip, ProMotion technology, and advanced camera system, offering flagship performance and photography capabilities in a premium smartphone.', 100, 1, '2023-07-16 17:10:00', '2023-11-16 17:10:00'),
(448, 'Acer Swift X 16 Laptop', 'acer-swift-x-16-laptop', 15, NULL, NULL, 448, 38000000, 0, 36000000, 'The Acer Swift X 16 is a lightweight laptop with a 16-inch QHD display, AMD Ryzen 9 processor, NVIDIA GeForce RTX 3050 Ti GPU, and long battery life, offering portability and performance for professionals and creators.', 100, 1, '2023-07-16 17:15:00', '2023-11-16 17:15:00'),
(449, 'Logitech G Pro X Superlight Wireless Gaming Mouse', 'logitech-g-pro-x-superlight-wireless-gaming-mouse', 14, NULL, NULL, 449, 3000000, 0, 2800000, 'The Logitech G Pro X Superlight is a wireless gaming mouse with HERO 25K sensor, LIGHTSPEED technology, and ultra-lightweight design, offering precise control and responsiveness for esports and competitive gaming.', 100, 1, '2023-07-16 17:20:00', '2023-11-16 17:20:00'),
(450, 'Sony Bravia XR A95K 8K OLED TV', 'sony-bravia-xr-a95k-8k-oled-tv', 2, NULL, NULL, 450, 180000000, 0, 178000000, 'The Sony Bravia XR A95K is an 8K OLED TV with XR OLED Contrast Pro, XR Triluminos Pro, Google TV, and Acoustic Surface Audio+, offering cinematic visuals and immersive sound for home entertainment enthusiasts.', 50, 1, '2023-07-16 17:25:00', '2023-11-16 17:25:00'),
(451, 'Microsoft Surface Pro 10+', 'microsoft-surface-pro-10-plus', 9, NULL, NULL, 451, 72000000, 0, 70000000, 'The Microsoft Surface Pro 10+ features a 13.5-inch PixelSense display, Intel Core i7 processor, Surface Pen support, and Windows 11, offering versatility and productivity in a portable and powerful form factor.', 100, 1, '2023-07-16 17:30:00', '2023-11-16 17:30:00'),
(452, 'Samsung Galaxy Z Fold 5', 'samsung-galaxy-z-fold-5', 3, NULL, NULL, 452, 220000000, 0, 218000000, 'The Samsung Galaxy Z Fold 5 features a foldable 7.7-inch Dynamic AMOLED display, Snapdragon 8 Gen 2 processor, S Pen Fold Edition support, and advanced multitasking, offering productivity and innovation in a premium foldable smartphone.', 50, 1, '2023-07-16 17:35:00', '2023-11-16 17:35:00'),
(453, 'HP Omen 45L Gaming Desktop', 'hp-omen-45l-gaming-desktop', 18, NULL, NULL, 453, 88000000, 0, 86000000, 'The HP Omen 45L is a gaming desktop with AMD Ryzen 9 processor, NVIDIA GeForce RTX 3080 Ti GPU, customizable RGB lighting, and liquid cooling, offering high-performance gaming and multitasking for enthusiasts.', 100, 1, '2023-07-16 17:40:00', '2023-11-16 17:40:00'),
(454, 'OnePlus Nord CE 2', 'oneplus-nord-ce-2', 3, NULL, NULL, 454, 13000000, 0, 10800000, 'The OnePlus Nord CE 2 features a 6.43-inch Fluid AMOLED display, MediaTek Dimensity 900 chipset, 5G connectivity, and OxygenOS, offering a balanced smartphone experience with smooth performance and photography capabilities.', 100, 1, '2023-07-16 17:45:00', '2023-11-16 17:45:00'),
(455, 'ASUS ROG Zephyrus G14 Gaming Laptop', 'asus-rog-zephyrus-g14-gaming-laptop', 15, NULL, NULL, 455, 42000000, 0, 40000000, 'The ASUS ROG Zephyrus G14 is a gaming laptop with a 14-inch QHD display, AMD Ryzen 9 processor, NVIDIA GeForce RTX 3050 Ti GPU, and AniMe Matrix LED display, offering high-performance gaming and portability for enthusiasts.', 100, 1, '2023-07-16 17:50:00', '2023-11-16 17:50:00'),
(456, 'Samsung Odyssey Neo G9 Gaming Monitor', 'samsung-odyssey-neo-g9-gaming-monitor', 20, NULL, NULL, 456, 14000000, 0, 13800000, 'The Samsung Odyssey Neo G9 is a gaming monitor with a 49-inch QLED display, 240Hz refresh rate, 1ms response time, and NVIDIA G-SYNC compatibility, offering immersive visuals and smooth gaming experiences for enthusiasts.', 100, 1, '2023-07-16 17:55:00', '2023-11-16 17:55:00'),
(457, 'Apple Mac Studio', 'apple-mac-studio', 9, NULL, NULL, 457, 240000000, 0, 238000000, 'The Apple Mac Studio features Apple M2 Ultra chip, up to 64GB of unified memory, up to 8TB of SSD storage, and macOS Monterey, offering desktop-class performance and creative capabilities for professionals.', 100, 1, '2023-07-16 18:00:00', '2023-11-16 18:00:00'),
(458, 'Sony WH-1000XM5 Wireless Noise-Canceling Headphones', 'sony-wh-1000xm5-wireless-noise-canceling-headphones', 22, NULL, NULL, 458, 5500000, 0, 5300000, 'The Sony WH-1000XM5 wireless headphones feature industry-leading noise cancellation, LDAC audio coding, Speak-to-Chat, and 30-hour battery life, offering premium sound quality and comfort for immersive listening experiences.', 100, 1, '2023-07-16 18:05:00', '2023-11-16 18:05:00'),
(459, 'Microsoft Surface Duo 3', 'microsoft-surface-duo-3', 9, NULL, NULL, 459, 16000000, 0, 13800000, 'The Microsoft Surface Duo 3 features two 5.9-inch PixelSense Fusion displays, Snapdragon 8 Gen 2 processor, Surface Slim Pen support, and Android with Microsoft productivity experiences, offering dual-screen productivity and versatility in a compact design.', 100, 1, '2023-07-16 18:10:00', '2023-11-16 18:10:00'),
(460, 'Razer Blade 17 Gaming Laptop', 'razer-blade-17-gaming-laptop', 15, NULL, NULL, 460, 82000000, 0, 80000000, 'The Razer Blade 17 is a gaming laptop with a 17.3-inch QHD display, Intel Core i9 processor, NVIDIA GeForce RTX 3080 Ti GPU, and customizable RGB keyboard, offering high-performance gaming and content creation experiences for enthusiasts.', 100, 1, '2023-07-16 18:15:00', '2023-11-16 18:15:00'),
(461, 'Canon EOS-1D X Mark IV DSLR Camera', 'canon-eos-1d-x-mark-iv-dslr-camera', 22, NULL, NULL, 461, 180000000, 0, 178000000, 'The Canon EOS-1D X Mark IV is a flagship DSLR camera with a 24.1MP full-frame sensor, 8K DCI video recording, advanced autofocus, and rugged design, offering professional-grade performance and reliability for photographers and videographers.', 50, 1, '2023-07-16 18:20:00', '2023-11-16 18:20:00'),
(462, 'Samsung Galaxy Tab S8+', 'samsung-galaxy-tab-s8-plus', 9, NULL, NULL, 462, 38000000, 0, 36000000, 'The Samsung Galaxy Tab S8+ features a 12.4-inch 120Hz Super AMOLED display, Snapdragon 8 Gen 2 processor, S Pen support, and DeX mode, offering productivity and entertainment in a premium tablet format.', 100, 1, '2023-07-16 18:25:00', '2023-11-16 18:25:00'),
(463, 'LG Gram 16 Laptop', 'lg-gram-16-laptop', 15, NULL, NULL, 463, 42000000, 0, 40000000, 'The LG Gram 16 is a lightweight laptop with a 16-inch WQXGA display, Intel Core i7 processor, Thunderbolt 4 ports, and long-lasting battery life, offering portability and productivity for professionals.', 100, 1, '2023-07-16 18:30:00', '2023-11-16 18:30:00'),
(464, 'Xiaomi Redmi Note 12 Pro+', 'xiaomi-redmi-note-12-pro-plus', 3, NULL, NULL, 464, 8500000, 0, 8300000, 'The Xiaomi Redmi Note 12 Pro+ features a 6.9-inch AMOLED display, Snapdragon 695 5G chipset, 120Hz refresh rate, and 108MP quad-camera system, offering premium smartphone experiences at an affordable price.', 100, 1, '2023-07-16 18:35:00', '2023-11-16 18:35:00'),
(465, 'DJI Mini 4 Drone', 'dji-mini-4-drone', 23, NULL, NULL, 465, 6500000, 0, 6300000, 'The DJI Mini 4 is a compact drone with a 4K camera, OcuSync 3.0 transmission, QuickShot modes, and up to 31 minutes of flight time, offering easy aerial photography and cinematic shots for beginners and enthusiasts.', 100, 1, '2023-07-16 18:40:00', '2023-11-16 18:40:00'),
(466, 'HP Spectre x360 16 Laptop', 'hp-spectre-x360-16-laptop', 15, NULL, NULL, 466, 62000000, 0, 60000000, 'The HP Spectre x360 16 is a convertible laptop with a 16-inch 3.5K OLED display, Intel Core i7 processor, NVIDIA GeForce RTX 3050 Ti GPU, and long battery life, offering versatility and performance for creators and professionals.', 100, 1, '2023-07-16 18:45:00', '2023-11-16 18:45:00'),
(467, 'Sony WH-XB910N Extra Bass Wireless Headphones', 'sony-wh-xb910n-extra-bass-wireless-headphones', 22, NULL, NULL, 467, 4000000, 0, 3800000, 'The Sony WH-XB910N Extra Bass wireless headphones feature noise cancellation, EXTRA BASS technology, touch controls, and long battery life, offering powerful sound and comfort for immersive listening experiences.', 100, 1, '2023-07-16 18:50:00', '2023-11-16 18:50:00'),
(468, 'Lenovo Legion Y9000X Gaming Laptop', 'lenovo-legion-y9000x-gaming-laptop', 15, NULL, NULL, 468, 68000000, 0, 66000000, 'The Lenovo Legion Y9000X is a gaming laptop with a 15.6-inch QHD display, Intel Core i9 processor, NVIDIA GeForce RTX 3080 Ti GPU, and Corsair iCUE RGB keyboard, offering high-performance gaming and content creation capabilities for enthusiasts.', 100, 1, '2023-07-16 18:55:00', '2023-11-16 18:55:00'),
(469, 'Samsung Galaxy Watch 5', 'samsung-galaxy-watch-5', 7, NULL, NULL, 469, 4500000, 0, 4300000, 'The Samsung Galaxy Watch 5 features a circular AMOLED display, advanced health tracking, ECG, blood pressure monitoring, and long battery life, offering fitness and smartwatch capabilities for active users.', 100, 1, '2023-07-16 19:00:00', '2023-11-16 19:00:00'),
(470, 'Apple Watch Series 8', 'apple-watch-series-8', 7, NULL, NULL, 470, 8000000, 0, 7800000, 'The Apple Watch Series 8 features an Always-On Retina display, advanced health sensors, ECG app, and watchOS 9, offering fitness tracking, communication, and style for active and tech-savvy users.', 100, 1, '2023-07-16 19:05:00', '2023-11-16 19:05:00'),
(471, 'Google Pixel 7 Pro', 'google-pixel-7-pro', 3, NULL, NULL, 471, 16000000, 0, 13800000, 'The Google Pixel 7 Pro features a 6.7-inch OLED display, Google Tensor chip, 5G connectivity, and Android 13, offering flagship performance and photography experiences with Googles AI and software integration.', 100, 1, '2023-07-16 19:10:00', '2023-11-16 19:10:00'),
(472, 'ASUS TUF Gaming VG289Q1A Monitor', 'asus-tuf-gaming-vg289q1a-monitor', 20, NULL, NULL, 472, 5000000, 0, 4800000, 'The ASUS TUF Gaming VG289Q1A is a 28-inch 4K gaming monitor with 90% DCI-P3 color gamut, 1ms response time, FreeSync Premium, and ASUS Shadow Boost, offering immersive visuals and smooth gaming for enthusiasts.', 100, 1, '2023-07-16 19:15:00', '2023-11-16 19:15:00'),
(473, 'Microsoft Xbox Series Z', 'microsoft-xbox-series-z', 17, NULL, NULL, 473, 14000000, 0, 13800000, 'The Microsoft Xbox Series Z is a next-gen gaming console with AMD Zen 4 architecture, RDNA 3 graphics, 8K gaming, and Xbox Game Pass, offering immersive gaming experiences and entertainment for gamers.', 100, 1, '2023-07-16 19:20:00', '2023-11-16 19:20:00'),
(474, 'Apple Mac mini Pro', 'apple-mac-mini-pro', 9, NULL, NULL, 474, 88000000, 0, 86000000, 'The Apple Mac mini Pro features Apple M2 Pro chip, up to 64GB of unified memory, up to 8TB of SSD storage, and macOS Monterey, offering desktop-class performance and connectivity for professionals.', 100, 1, '2023-07-16 19:25:00', '2023-11-16 19:25:00'),
(475, 'Sony PS5 Pro Console', 'sony-ps5-pro-console', 17, NULL, NULL, 475, 17000000, 0, 16800000, 'The Sony PS5 Pro is an advanced gaming console with 8K gaming support, SSD storage, haptic feedback controller, and PlayStation Now, offering immersive gaming and entertainment experiences for gamers.', 100, 1, '2023-07-16 19:30:00', '2023-11-16 19:30:00'),
(476, 'Dell XPS 15 9520 Laptop', 'dell-xps-15-9520-laptop', 15, NULL, NULL, 476, 75000000, 0, 73000000, 'The Dell XPS 15 9520 is a high-performance laptop with a 15.6-inch 4K OLED display, Intel Core i9 processor, NVIDIA GeForce RTX 3050 Ti GPU, and Dell CinemaColor, offering premium visuals and productivity for professionals.', 100, 1, '2023-07-16 19:35:00', '2023-11-16 19:35:00'),
(477, 'Samsung Odyssey G9 Gaming Monitor', 'samsung-odyssey-g9-gaming-monitor', 20, NULL, NULL, 477, 12000000, 0, 11800000, 'The Samsung Odyssey G9 is a gaming monitor with a 49-inch DQHD display, 240Hz refresh rate, 1ms response time, and NVIDIA G-SYNC compatibility, offering immersive visuals and smooth gaming experiences for enthusiasts.', 100, 1, '2023-07-16 19:40:00', '2023-11-16 19:40:00'),
(478, 'Apple AirPods Pro 2', 'apple-airpods-pro-2', 10, NULL, NULL, 478, 5000000, 0, 4800000, 'The Apple AirPods Pro 2 feature Active Noise Cancellation, Spatial Audio, Adaptive EQ, and MagSafe charging, offering immersive sound and convenience for music and calls.', 100, 1, '2023-07-16 19:45:00', '2023-11-16 19:45:00'),
(479, 'ASUS ROG Strix G15 Advantage Edition Gaming Laptop', 'asus-rog-strix-g15-advantage-edition-gaming-laptop', 15, NULL, NULL, 479, 48000000, 0, 46000000, 'The ASUS ROG Strix G15 Advantage Edition is a gaming laptop with a 15.6-inch QHD display, AMD Ryzen 9 processor, Radeon RX 6800M GPU, and liquid metal cooling, offering high-performance gaming and content creation experiences for enthusiasts.', 100, 1, '2023-07-16 19:50:00', '2023-11-16 19:50:00'),
(480, 'Sony Xperia 10 IV', 'sony-xperia-10-iv', 3, NULL, NULL, 480, 7000000, 0, 6800000, 'The Sony Xperia 10 IV features a 6.0-inch OLED display, Snapdragon 695 5G chipset, triple-camera system, and Android 13, offering a premium mid-range smartphone experience with photography and entertainment capabilities.', 100, 1, '2023-07-16 19:55:00', '2023-11-16 19:55:00'),
(481, 'Acer Predator Helios 500 Gaming Laptop', 'acer-predator-helios-500-gaming-laptop', 15, NULL, NULL, 481, 76000000, 0, 74000000, 'The Acer Predator Helios 500 is a gaming laptop with a 17.3-inch 4K display, Intel Core i9 processor, NVIDIA GeForce RTX 3080 GPU, and mechanical keyboard, offering high-performance gaming and content creation for enthusiasts.', 100, 1, '2023-07-16 20:00:00', '2023-11-16 20:00:00'),
(482, 'Apple Studio Display', 'apple-studio-display', 19, NULL, NULL, 482, 36000000, 0, 34000000, 'The Apple Studio Display features a 27-inch 5K Retina display, Center Stage camera, ProMotion technology, and Thunderbolt 4 ports, offering high-resolution visuals and connectivity for professionals and creatives.', 100, 1, '2023-07-16 20:05:00', '2023-11-16 20:05:00'),
(483, 'OnePlus 10 Pro', 'oneplus-10-pro', 3, NULL, NULL, 483, 14000000, 0, 13800000, 'The OnePlus 10 Pro features a 6.7-inch Fluid AMOLED display, Snapdragon 8 Gen 2 processor, Hasselblad camera system, and OxygenOS, offering flagship performance and photography experiences in a premium smartphone.', 100, 1, '2023-07-16 20:10:00', '2023-11-16 20:10:00'),
(484, 'Dell Alienware m15 R7 Gaming Laptop', 'dell-alienware-m15-r7-gaming-laptop', 15, NULL, NULL, 484, 74000000, 0, 72000000, 'The Dell Alienware m15 R7 is a gaming laptop with a 15.6-inch QHD display, Intel Core i9 processor, NVIDIA GeForce RTX 3080 Ti GPU, and AlienFX lighting, offering high-performance gaming and immersive experiences for enthusiasts.', 100, 1, '2023-07-16 20:15:00', '2023-11-16 20:15:00'),
(485, 'Sony Alpha A7R V Mirrorless Camera', 'sony-alpha-a7r-v-mirrorless-camera', 22, NULL, NULL, 485, 105000000, 0, 103000000, 'The Sony Alpha A7R V is a full-frame mirrorless camera with a 61MP sensor, 8K video recording, 10-bit 4:2:2, and 5-axis in-body stabilization, offering high-resolution imaging and professional video capabilities for photographers and videographers.', 50, 1, '2023-07-16 20:20:00', '2023-11-16 20:20:00'),
(486, 'Samsung Galaxy Book 2 Pro 360', 'samsung-galaxy-book-2-pro-360', 15, NULL, NULL, 486, 72000000, 0, 70000000, 'The Samsung Galaxy Book 2 Pro 360 is a convertible laptop with a 13.3-inch Super AMOLED display, Intel Core i7 processor, S Pen support, and Windows 11, offering versatility and productivity in a premium ultraportable design.', 100, 1, '2023-07-16 20:25:00', '2023-11-16 20:25:00'),
(487, 'Google Pixelbook 2', 'google-pixelbook-2', 9, NULL, NULL, 487, 78000000, 0, 76000000, 'The Google Pixelbook 2 features a 13.3-inch 4K OLED display, Google Tensor chip, Pixel Pen support, and Chrome OS, offering versatility and productivity in a premium Chromebook design.', 100, 1, '2023-07-16 20:30:00', '2023-11-16 20:30:00'),
(488, 'HP Victus 16 Laptop', 'hp-victus-16-laptop', 15, NULL, NULL, 488, 36000000, 0, 34000000, 'The HP Victus 16 is a gaming laptop with a 16.1-inch FHD display, AMD Ryzen 7 processor, NVIDIA GeForce RTX 3050 GPU, and Wi-Fi 6E, offering reliable gaming performance and immersive experiences for gamers.', 100, 1, '2023-07-16 20:35:00', '2023-11-16 20:35:00'),
(489, 'LG UltraFine Display 32EP950-B', 'lg-ultrafine-display-32ep950-b', 19, NULL, NULL, 489, 88000000, 0, 86000000, 'The LG UltraFine Display 32EP950-B is a 32-inch OLED monitor with 4K resolution, HDR600, DCI-P3 99%, and Thunderbolt 4 connectivity, offering professional-grade visuals and color accuracy for content creators and professionals.', 100, 1, '2023-07-16 20:40:00', '2023-11-16 20:40:00'),
(490, 'Apple iPad Air (2023)', 'apple-ipad-air-2023', 9, NULL, NULL, 490, 7500000, 0, 7300000, 'The Apple iPad Air (2023) features a Liquid Retina display, M2 chip, Apple Pencil 3 support, and iPadOS, offering powerful performance and creative capabilities for productivity and entertainment.', 100, 1, '2023-07-16 20:45:00', '2023-11-16 20:45:00'),
(491, 'Razer Huntsman V2 Analog Gaming Keyboard', 'razer-huntsman-v2-analog-gaming-keyboard', 14, NULL, NULL, 491, 4800000, 0, 4600000, 'The Razer Huntsman V2 Analog gaming keyboard features Analog Optical Switches, customizable RGB lighting, programmable macros, and plush leatherette wrist rest, offering precise control and comfort for gaming and typing.', 100, 1, '2023-07-16 20:50:00', '2023-11-16 20:50:00'),
(492, 'Canon EOS R7 Mirrorless Camera', 'canon-eos-r7-mirrorless-camera', 22, NULL, NULL, 492, 105000000, 0, 103000000, 'The Canon EOS R7 is a full-frame mirrorless camera with a 45MP sensor, 4K video recording, advanced autofocus, and rugged design, offering high-resolution imaging and versatile shooting capabilities for photographers and videographers.', 50, 1, '2023-07-16 20:55:00', '2023-11-16 20:55:00'),
(493, 'Microsoft Surface Laptop 5', 'microsoft-surface-laptop-5', 15, NULL, NULL, 493, 66000000, 0, 64000000, 'The Microsoft Surface Laptop 5 features a 13.5-inch PixelSense display, Intel Core i7 processor, Windows 11, and Surface Pen support, offering productivity and style in a premium ultraportable design.', 100, 1, '2023-07-16 21:00:00', '2023-11-16 21:00:00'),
(494, 'Samsung Odyssey G7 Curved Gaming Monitor', 'samsung-odyssey-g7-curved-gaming-monitor', 20, NULL, NULL, 494, 7500000, 0, 7300000, 'The Samsung Odyssey G7 is a curved gaming monitor with a 32-inch QLED display, 240Hz refresh rate, 1ms response time, and NVIDIA G-SYNC compatibility, offering immersive visuals and smooth gaming experiences for enthusiasts.', 100, 1, '2023-07-16 21:05:00', '2023-11-16 21:05:00'),
(495, 'Apple iPhone SE Plus (2023)', 'apple-iphone-se-plus-2023', 3, NULL, NULL, 495, 44000000, 0, 43000000, 'The Apple iPhone SE Plus (2023) features a 6.1-inch Retina display, A16 Bionic chip, 5G connectivity, and advanced camera system, offering performance and photography capabilities in a compact and affordable smartphone.', 100, 1, '2023-07-16 21:10:00', '2023-11-16 21:10:00'),
(496, 'Sony Alpha A7 IV Mirrorless Camera', 'sony-alpha-a7-iv-mirrorless-camera', 22, NULL, NULL, 496, 75000000, 0, 73000000, 'The Sony Alpha A7 IV is a full-frame mirrorless camera with a 33MP sensor, 4K video recording, 5-axis in-body stabilization, and advanced autofocus, offering high-quality imaging and versatile shooting capabilities for photographers and videographers.', 50, 1, '2023-07-16 21:15:00', '2023-11-16 21:15:00'),
(497, 'Lenovo Legion Y7000 Gaming Laptop', 'lenovo-legion-y7000-gaming-laptop', 15, NULL, NULL, 497, 48000000, 0, 46000000, 'The Lenovo Legion Y7000 is a gaming laptop with a 15.6-inch FHD display, Intel Core i7 processor, NVIDIA GeForce RTX 3050 Ti GPU, and Nahimic audio, offering immersive gaming experiences and performance for gamers.', 100, 1, '2023-07-16 21:20:00', '2023-11-16 21:20:00'),
(498, 'Apple iPhone 14 Pro Max', 'apple-iphone-14-pro-max', 3, NULL, NULL, 498, 150000000, 0, 148000000, 'The Apple iPhone 14 Pro Max features a 6.7-inch Super Retina XDR display, A16 Bionic chip, ProMotion technology, and advanced camera system, offering flagship performance and photography capabilities in a premium smartphone.', 100, 1, '2023-07-16 21:25:00', '2023-11-16 21:25:00'),
(499, 'Acer Swift X 16 Laptop', 'acer-swift-x-16-laptop', 15, NULL, NULL, 499, 38000000, 0, 36000000, 'The Acer Swift X 16 is a lightweight laptop with a 16-inch QHD display, AMD Ryzen 9 processor, NVIDIA GeForce RTX 3050 Ti GPU, and long battery life, offering portability and performance for professionals and creators.', 100, 1, '2023-07-16 21:30:00', '2023-11-16 21:30:00'),
(500, 'Logitech G Pro X Superlight Wireless Gaming Mouse', 'logitech-g-pro-x-superlight-wireless-gaming-mouse', 14, NULL, NULL, 500, 3000000, 0, 2800000, 'The Logitech G Pro X Superlight is a wireless gaming mouse with HERO 25K sensor, LIGHTSPEED technology, and ultra-lightweight design, offering precise control and responsiveness for esports and competitive gaming.', 100, 1, '2023-07-16 21:35:00', '2023-11-16 21:35:00');

-- --------------------------------------------------------

--
-- Table structure for table `roles`
--

CREATE TABLE `roles` (
  `id` bigint(20) UNSIGNED NOT NULL,
  `name` varchar(255) NOT NULL,
  `display_name` varchar(255) NOT NULL,
  `created_at` timestamp NULL DEFAULT NULL,
  `updated_at` timestamp NULL DEFAULT NULL
) ENGINE=InnoDB DEFAULT CHARSET=utf8mb4 COLLATE=utf8mb4_unicode_ci;

--
-- Dumping data for table `roles`
--

INSERT INTO `roles` (`id`, `name`, `display_name`, `created_at`, `updated_at`) VALUES
(1, 'admin', 'Quản trị viên', '2023-03-26 01:02:51', '2023-03-26 01:02:51'),
(2, 'guset', 'Khách hàng', '2023-03-26 01:02:51', '2023-03-26 01:02:51'),
(3, 'developer', 'Phát triển hệ thống', '2023-03-26 01:02:51', '2023-03-26 01:02:51'),
(4, 'content', 'Chỉnh sửa nội dung', '2023-03-26 01:02:51', '2023-03-26 01:02:51');

-- --------------------------------------------------------

--
-- Table structure for table `sliders`
--

CREATE TABLE `sliders` (
  `id` bigint(20) UNSIGNED NOT NULL,
  `name` varchar(255) NOT NULL,
  `desc` varchar(255) NOT NULL,
  `image` varchar(255) NOT NULL,
  `link` varchar(255) DEFAULT NULL,
  `status` int(11) NOT NULL DEFAULT 0,
  `created_at` timestamp NULL DEFAULT NULL,
  `updated_at` timestamp NULL DEFAULT NULL
) ENGINE=InnoDB DEFAULT CHARSET=utf8mb4 COLLATE=utf8mb4_unicode_ci;

--
-- Dumping data for table `sliders`
--

INSERT INTO `sliders` (`id`, `name`, `desc`, `image`, `link`, `status`, `created_at`, `updated_at`) VALUES
(1, 'Giảm Giá', 'Giữa năm', '64968dd08f4b5_1687588304.png', NULL, 0, '2023-06-23 22:44:12', '2023-06-23 23:31:45'),
(2, 'Giảm Giá', 'Mùa hè', '64968d54a4f7a_1687588180.png', NULL, 0, '2023-06-23 23:29:41', '2023-06-23 23:30:37');

-- --------------------------------------------------------

--
-- Table structure for table `tags`
--

CREATE TABLE `tags` (
  `id` bigint(20) UNSIGNED NOT NULL,
  `public_id` varchar(255) NOT NULL,
  `name` varchar(255) NOT NULL,
  `created_at` timestamp NULL DEFAULT NULL,
  `updated_at` timestamp NULL DEFAULT NULL
) ENGINE=InnoDB DEFAULT CHARSET=utf8mb4 COLLATE=utf8mb4_general_ci;

--
-- Dumping data for table `tags`
--

INSERT INTO `tags` (`id`, `public_id`, `name`, `created_at`, `updated_at`) VALUES
(1, 'PtB20VkxRc0ASUxS', 'AI', '2023-11-25 04:09:15', '2023-11-25 04:09:15'),
(2, 'pz7ZHBf0Wuf2ccO6', 'phần mềm', '2023-11-25 04:09:15', '2023-11-25 04:09:15'),
(3, 'hz7ZHBf5Wuf2ccO7', 'teen', '2023-11-25 04:09:15', '2023-11-25 04:09:15'),
(4, '80N5mQ2SH7NlSN0B', 'du lịch', '2023-11-26 02:53:20', '2023-11-26 02:53:20'),
(5, '0sH2P8cCgRouzCgr', 'máy tính bảng', '2023-11-26 02:54:20', '2023-11-26 02:54:35');

-- --------------------------------------------------------

--
-- Table structure for table `users`
--

CREATE TABLE `users` (
  `id` bigint(20) UNSIGNED NOT NULL,
  `name` varchar(255) NOT NULL,
  `email` varchar(255) NOT NULL,
  `phone` varchar(100) NOT NULL,
  `address` text DEFAULT NULL,
  `password` varchar(255) DEFAULT NULL,
  `remember_token` varchar(100) DEFAULT NULL,
  `forget_token` varchar(255) DEFAULT NULL,
  `created_at` timestamp NULL DEFAULT NULL,
  `updated_at` timestamp NULL DEFAULT NULL
) ENGINE=InnoDB DEFAULT CHARSET=utf8mb4 COLLATE=utf8mb4_unicode_ci;

--
-- Dumping data for table `users`
--

INSERT INTO `users` (`id`, `name`, `email`, `phone`, `address`, `password`, `remember_token`, `forget_token`, `created_at`, `updated_at`) VALUES
(1, 'Admin', 'admin@gmail.com', '01234567878', 'ABC, 123', '$2y$10$f9T36WpzK80pllMnookQ0eGbOpy5/ri6Dmgsx2PN2z80FJC2JZ68q', NULL, NULL, '2023-03-26 01:02:51', '2023-03-26 01:02:51'),
(2, ' Content', 'user@gmail.com', '01234567878', 'ABC, 123', '$2y$10$f9T36WpzK80pllMnookQ0eGbOpy5/ri6Dmgsx2PN2z80FJC2JZ68q', NULL, NULL, '2023-03-26 01:02:51', '2023-03-26 01:02:51'),
(3, 'Developer', 'user1@gmail.com', '01234567878', 'ABC, 123', '$2y$10$f9T36WpzK80pllMnookQ0eGbOpy5/ri6Dmgsx2PN2z80FJC2JZ68q', NULL, NULL, '2023-03-26 01:02:51', '2023-03-26 01:02:51'),
(4, 'User2', 'user2@gmail.com', '01234567878', 'ABC, 123', '$2y$10$f9T36WpzK80pllMnookQ0eGbOpy5/ri6Dmgsx2PN2z80FJC2JZ68q', NULL, NULL, '2023-03-26 01:02:51', '2023-03-26 01:02:51'),
(5, 'User3', 'user3@gmail.com', '01234567878', 'ABC, 123', '$2y$10$U9dirDfsJcK0RG/6Xph5vuM2WHB4o16ByAEVJ//HRqBjDW0sfWN.y', NULL, NULL, '2023-03-26 01:02:51', '2023-03-26 01:02:51'),
(6, 'User4', '2nmusic02@gmail.com', '01234567878', 'ABC, 123', '$2y$10$fSw6X118D8NJlCqM3jWaYeoxew7sQV9AEUoXVV30zxeS2KFM1N5Ju', NULL, NULL, '2023-12-01 03:09:09', '2023-12-10 04:42:51'),
(7, 'PJ PI', 'pipj.contact@gmail.com', '', NULL, NULL, NULL, NULL, '2023-12-01 03:20:12', '2023-12-01 03:20:12');

-- --------------------------------------------------------

--
-- Table structure for table `user_role`
--

CREATE TABLE `user_role` (
  `id` bigint(20) UNSIGNED NOT NULL,
  `user_id` bigint(20) UNSIGNED NOT NULL,
  `role_id` bigint(20) UNSIGNED NOT NULL,
  `created_at` timestamp NULL DEFAULT NULL,
  `updated_at` timestamp NULL DEFAULT NULL
) ENGINE=InnoDB DEFAULT CHARSET=utf8mb4 COLLATE=utf8mb4_unicode_ci;

--
-- Dumping data for table `user_role`
--

INSERT INTO `user_role` (`id`, `user_id`, `role_id`, `created_at`, `updated_at`) VALUES
(5, 1, 1, '2023-05-27 20:25:23', '2023-05-27 20:25:23'),
(6, 3, 3, '2023-05-28 23:52:51', '2023-05-28 23:52:51'),
(7, 4, 2, '2023-05-28 23:54:02', '2023-05-28 23:54:02'),
(9, 5, 2, '2023-05-31 00:49:39', '2023-05-31 00:49:39'),
(10, 2, 4, '2023-06-16 22:48:13', '2023-06-16 22:48:13'),
(11, 6, 2, '2023-12-01 03:13:37', '2023-12-01 03:13:37'),
(12, 7, 2, '2023-12-01 03:20:12', '2023-12-01 03:20:12');

-- --------------------------------------------------------

--
-- Table structure for table `wishlists`
--

CREATE TABLE `wishlists` (
  `id` bigint(20) UNSIGNED NOT NULL,
  `pro_id` bigint(20) UNSIGNED NOT NULL,
  `user_id` bigint(20) UNSIGNED NOT NULL,
  `created_at` timestamp NULL DEFAULT NULL,
  `updated_at` timestamp NULL DEFAULT NULL
) ENGINE=InnoDB DEFAULT CHARSET=utf8mb4 COLLATE=utf8mb4_unicode_ci;

--
-- Dumping data for table `wishlists`
--

INSERT INTO `wishlists` (`id`, `pro_id`, `user_id`, `created_at`, `updated_at`) VALUES
(1, 12, 5, '2023-12-02 05:08:30', '2023-12-02 05:08:30'),
(2, 10, 1, '2023-12-10 04:39:35', '2023-12-10 04:39:35');

--
-- Indexes for dumped tables
--

--
-- Indexes for table `accessories`
--
ALTER TABLE `accessories`
  ADD PRIMARY KEY (`id`);

--
-- Indexes for table `categories`
--
ALTER TABLE `categories`
  ADD PRIMARY KEY (`id`);

--
-- Indexes for table `category_posts`
--
ALTER TABLE `category_posts`
  ADD PRIMARY KEY (`id`);

--
-- Indexes for table `discounts`
--
ALTER TABLE `discounts`
  ADD PRIMARY KEY (`id`);

--
-- Indexes for table `galleries`
--
ALTER TABLE `galleries`
  ADD PRIMARY KEY (`id`);

--
-- Indexes for table `imports`
--
ALTER TABLE `imports`
  ADD PRIMARY KEY (`id`),
  ADD KEY `user_id` (`user_id`);

--
-- Indexes for table `import_details`
--
ALTER TABLE `import_details`
  ADD PRIMARY KEY (`id`),
  ADD KEY `import_id` (`import_id`),
  ADD KEY `product_id` (`product_id`);

--
-- Indexes for table `migrations`
--
ALTER TABLE `migrations`
  ADD PRIMARY KEY (`id`);

--
-- Indexes for table `orders`
--
ALTER TABLE `orders`
  ADD PRIMARY KEY (`id`),
  ADD UNIQUE KEY `cusId` (`cusId`),
  ADD UNIQUE KEY `discountId` (`discountId`);

--
-- Indexes for table `order_customers`
--
ALTER TABLE `order_customers`
  ADD PRIMARY KEY (`id`);

--
-- Indexes for table `order_details`
--
ALTER TABLE `order_details`
  ADD PRIMARY KEY (`id`),
  ADD UNIQUE KEY `orderId` (`orderId`,`proId`),
  ADD KEY `proId` (`proId`);

--
-- Indexes for table `permissions`
--
ALTER TABLE `permissions`
  ADD PRIMARY KEY (`id`);

--
-- Indexes for table `permission_role`
--
ALTER TABLE `permission_role`
  ADD PRIMARY KEY (`id`),
  ADD UNIQUE KEY `role_id` (`role_id`,`permission_id`),
  ADD KEY `permission_role_ibfk_1` (`permission_id`);

--
-- Indexes for table `phones`
--
ALTER TABLE `phones`
  ADD PRIMARY KEY (`id`);

--
-- Indexes for table `posts`
--
ALTER TABLE `posts`
  ADD PRIMARY KEY (`id`),
  ADD KEY `user_id` (`user_id`),
  ADD KEY `type_id` (`type_id`);

--
-- Indexes for table `post_tags`
--
ALTER TABLE `post_tags`
  ADD PRIMARY KEY (`id`),
  ADD KEY `post_id` (`post_id`),
  ADD KEY `tag_id` (`tag_id`);

--
-- Indexes for table `products`
--
ALTER TABLE `products`
  ADD PRIMARY KEY (`id`),
  ADD UNIQUE KEY `cateId` (`cateId`,`phone_id`,`galleryId`),
  ADD KEY `galleryId` (`galleryId`),
  ADD KEY `phone_id` (`phone_id`,`accessories_id`),
  ADD KEY `accessories_id` (`accessories_id`);

--
-- Indexes for table `roles`
--
ALTER TABLE `roles`
  ADD PRIMARY KEY (`id`);

--
-- Indexes for table `sliders`
--
ALTER TABLE `sliders`
  ADD PRIMARY KEY (`id`);

--
-- Indexes for table `tags`
--
ALTER TABLE `tags`
  ADD PRIMARY KEY (`id`);

--
-- Indexes for table `users`
--
ALTER TABLE `users`
  ADD PRIMARY KEY (`id`),
  ADD UNIQUE KEY `users_email_unique` (`email`);

--
-- Indexes for table `user_role`
--
ALTER TABLE `user_role`
  ADD PRIMARY KEY (`id`),
  ADD UNIQUE KEY `user_id` (`user_id`,`role_id`),
  ADD KEY `role_id` (`role_id`);

--
-- Indexes for table `wishlists`
--
ALTER TABLE `wishlists`
  ADD PRIMARY KEY (`id`),
  ADD UNIQUE KEY `pro_id` (`pro_id`),
  ADD UNIQUE KEY `pro_id_2` (`pro_id`),
  ADD UNIQUE KEY `user_id` (`user_id`);

--
-- AUTO_INCREMENT for dumped tables
--

--
-- AUTO_INCREMENT for table `accessories`
--
ALTER TABLE `accessories`
  MODIFY `id` bigint(20) UNSIGNED NOT NULL AUTO_INCREMENT, AUTO_INCREMENT=6;

--
-- AUTO_INCREMENT for table `categories`
--
ALTER TABLE `categories`
  MODIFY `id` bigint(20) UNSIGNED NOT NULL AUTO_INCREMENT, AUTO_INCREMENT=25;

--
-- AUTO_INCREMENT for table `category_posts`
--
ALTER TABLE `category_posts`
  MODIFY `id` bigint(20) UNSIGNED NOT NULL AUTO_INCREMENT, AUTO_INCREMENT=3;

--
-- AUTO_INCREMENT for table `discounts`
--
ALTER TABLE `discounts`
  MODIFY `id` bigint(20) UNSIGNED NOT NULL AUTO_INCREMENT, AUTO_INCREMENT=4;

--
-- AUTO_INCREMENT for table `galleries`
--
ALTER TABLE `galleries`
  MODIFY `id` bigint(20) UNSIGNED NOT NULL AUTO_INCREMENT, AUTO_INCREMENT=13;

--
-- AUTO_INCREMENT for table `imports`
--
ALTER TABLE `imports`
  MODIFY `id` bigint(20) UNSIGNED NOT NULL AUTO_INCREMENT, AUTO_INCREMENT=3;

--
-- AUTO_INCREMENT for table `import_details`
--
ALTER TABLE `import_details`
  MODIFY `id` bigint(20) UNSIGNED NOT NULL AUTO_INCREMENT, AUTO_INCREMENT=14;

--
-- AUTO_INCREMENT for table `migrations`
--
ALTER TABLE `migrations`
  MODIFY `id` int(10) UNSIGNED NOT NULL AUTO_INCREMENT;

--
-- AUTO_INCREMENT for table `orders`
--
ALTER TABLE `orders`
  MODIFY `id` bigint(20) UNSIGNED NOT NULL AUTO_INCREMENT, AUTO_INCREMENT=5;

--
-- AUTO_INCREMENT for table `order_customers`
--
ALTER TABLE `order_customers`
  MODIFY `id` bigint(20) UNSIGNED NOT NULL AUTO_INCREMENT, AUTO_INCREMENT=5;

--
-- AUTO_INCREMENT for table `order_details`
--
ALTER TABLE `order_details`
  MODIFY `id` bigint(20) UNSIGNED NOT NULL AUTO_INCREMENT, AUTO_INCREMENT=6;

--
-- AUTO_INCREMENT for table `permissions`
--
ALTER TABLE `permissions`
  MODIFY `id` bigint(20) UNSIGNED NOT NULL AUTO_INCREMENT, AUTO_INCREMENT=63;

--
-- AUTO_INCREMENT for table `permission_role`
--
ALTER TABLE `permission_role`
  MODIFY `id` bigint(20) UNSIGNED NOT NULL AUTO_INCREMENT, AUTO_INCREMENT=99;

--
-- AUTO_INCREMENT for table `phones`
--
ALTER TABLE `phones`
  MODIFY `id` bigint(20) UNSIGNED NOT NULL AUTO_INCREMENT, AUTO_INCREMENT=8;

--
-- AUTO_INCREMENT for table `posts`
--
ALTER TABLE `posts`
  MODIFY `id` bigint(20) UNSIGNED NOT NULL AUTO_INCREMENT, AUTO_INCREMENT=3;

--
-- AUTO_INCREMENT for table `post_tags`
--
ALTER TABLE `post_tags`
  MODIFY `id` bigint(20) NOT NULL AUTO_INCREMENT, AUTO_INCREMENT=4;

--
-- AUTO_INCREMENT for table `products`
--
ALTER TABLE `products`
  MODIFY `id` bigint(20) UNSIGNED NOT NULL AUTO_INCREMENT, AUTO_INCREMENT=13;

--
-- AUTO_INCREMENT for table `roles`
--
ALTER TABLE `roles`
  MODIFY `id` bigint(20) UNSIGNED NOT NULL AUTO_INCREMENT, AUTO_INCREMENT=5;

--
-- AUTO_INCREMENT for table `sliders`
--
ALTER TABLE `sliders`
  MODIFY `id` bigint(20) UNSIGNED NOT NULL AUTO_INCREMENT, AUTO_INCREMENT=3;

--
-- AUTO_INCREMENT for table `tags`
--
ALTER TABLE `tags`
  MODIFY `id` bigint(20) UNSIGNED NOT NULL AUTO_INCREMENT, AUTO_INCREMENT=6;

--
-- AUTO_INCREMENT for table `users`
--
ALTER TABLE `users`
  MODIFY `id` bigint(20) UNSIGNED NOT NULL AUTO_INCREMENT, AUTO_INCREMENT=8;

--
-- AUTO_INCREMENT for table `user_role`
--
ALTER TABLE `user_role`
  MODIFY `id` bigint(20) UNSIGNED NOT NULL AUTO_INCREMENT, AUTO_INCREMENT=13;

--
-- AUTO_INCREMENT for table `wishlists`
--
ALTER TABLE `wishlists`
  MODIFY `id` bigint(20) UNSIGNED NOT NULL AUTO_INCREMENT, AUTO_INCREMENT=3;

--
-- Constraints for dumped tables
--

--
-- Constraints for table `imports`
--
ALTER TABLE `imports`
  ADD CONSTRAINT `imports_ibfk_1` FOREIGN KEY (`user_id`) REFERENCES `users` (`id`) ON DELETE CASCADE ON UPDATE CASCADE;

--
-- Constraints for table `import_details`
--
ALTER TABLE `import_details`
  ADD CONSTRAINT `import_details_ibfk_1` FOREIGN KEY (`import_id`) REFERENCES `imports` (`id`) ON DELETE CASCADE ON UPDATE CASCADE,
  ADD CONSTRAINT `import_details_ibfk_2` FOREIGN KEY (`product_id`) REFERENCES `products` (`id`) ON DELETE CASCADE ON UPDATE CASCADE;

--
-- Constraints for table `orders`
--
ALTER TABLE `orders`
  ADD CONSTRAINT `orders_ibfk_1` FOREIGN KEY (`cusId`) REFERENCES `order_customers` (`id`) ON DELETE CASCADE ON UPDATE CASCADE,
  ADD CONSTRAINT `orders_ibfk_2` FOREIGN KEY (`discountId`) REFERENCES `discounts` (`id`) ON DELETE CASCADE ON UPDATE CASCADE;

--
-- Constraints for table `order_details`
--
ALTER TABLE `order_details`
  ADD CONSTRAINT `order_details_ibfk_1` FOREIGN KEY (`orderId`) REFERENCES `orders` (`id`) ON DELETE CASCADE ON UPDATE CASCADE,
  ADD CONSTRAINT `order_details_ibfk_2` FOREIGN KEY (`proId`) REFERENCES `products` (`id`) ON DELETE CASCADE ON UPDATE CASCADE;

--
-- Constraints for table `permission_role`
--
ALTER TABLE `permission_role`
  ADD CONSTRAINT `permission_role_ibfk_1` FOREIGN KEY (`permission_id`) REFERENCES `permissions` (`id`) ON UPDATE CASCADE,
  ADD CONSTRAINT `permission_role_ibfk_2` FOREIGN KEY (`role_id`) REFERENCES `roles` (`id`) ON DELETE CASCADE ON UPDATE CASCADE;

--
-- Constraints for table `posts`
--
ALTER TABLE `posts`
  ADD CONSTRAINT `posts_ibfk_1` FOREIGN KEY (`type_id`) REFERENCES `category_posts` (`id`) ON DELETE CASCADE ON UPDATE CASCADE,
  ADD CONSTRAINT `posts_ibfk_2` FOREIGN KEY (`user_id`) REFERENCES `users` (`id`) ON DELETE CASCADE ON UPDATE CASCADE;

--
-- Constraints for table `post_tags`
--
ALTER TABLE `post_tags`
  ADD CONSTRAINT `post_tags_ibfk_1` FOREIGN KEY (`post_id`) REFERENCES `posts` (`id`) ON DELETE CASCADE ON UPDATE CASCADE,
  ADD CONSTRAINT `post_tags_ibfk_2` FOREIGN KEY (`tag_id`) REFERENCES `tags` (`id`) ON DELETE CASCADE ON UPDATE CASCADE;

--
-- Constraints for table `products`
--
ALTER TABLE `products`
  ADD CONSTRAINT `products_ibfk_3` FOREIGN KEY (`galleryId`) REFERENCES `galleries` (`id`) ON DELETE CASCADE ON UPDATE CASCADE,
  ADD CONSTRAINT `products_ibfk_4` FOREIGN KEY (`phone_id`) REFERENCES `phones` (`id`) ON DELETE CASCADE ON UPDATE CASCADE,
  ADD CONSTRAINT `products_ibfk_5` FOREIGN KEY (`accessories_id`) REFERENCES `accessories` (`id`) ON DELETE CASCADE ON UPDATE CASCADE,
  ADD CONSTRAINT `products_ibfk_6` FOREIGN KEY (`cateId`) REFERENCES `categories` (`id`) ON DELETE CASCADE ON UPDATE CASCADE;

--
-- Constraints for table `user_role`
--
ALTER TABLE `user_role`
  ADD CONSTRAINT `user_role_ibfk_1` FOREIGN KEY (`user_id`) REFERENCES `users` (`id`) ON DELETE CASCADE ON UPDATE CASCADE,
  ADD CONSTRAINT `user_role_ibfk_2` FOREIGN KEY (`role_id`) REFERENCES `roles` (`id`) ON DELETE CASCADE ON UPDATE CASCADE;

--
-- Constraints for table `wishlists`
--
ALTER TABLE `wishlists`
  ADD CONSTRAINT `wishlists_ibfk_1` FOREIGN KEY (`pro_id`) REFERENCES `products` (`id`) ON DELETE CASCADE ON UPDATE CASCADE,
  ADD CONSTRAINT `wishlists_ibfk_2` FOREIGN KEY (`user_id`) REFERENCES `users` (`id`) ON DELETE CASCADE ON UPDATE CASCADE;
COMMIT;

/*!40101 SET CHARACTER_SET_CLIENT=@OLD_CHARACTER_SET_CLIENT */;
/*!40101 SET CHARACTER_SET_RESULTS=@OLD_CHARACTER_SET_RESULTS */;
/*!40101 SET COLLATION_CONNECTION=@OLD_COLLATION_CONNECTION */;
